chr21	15516948	C	1	.	J	~
chr21	15744767	G	64	A,,Aa..AAAA,AAA..AAAA.aaa,a,,,,,aaaa...AA.AAAA.AA..A.a.aa..,A.,a	DHHJHIJGHHJHJJJIFJJJDJI4IBJGBGIDGJ@BJJJJIJHHGHHHHHHHHJDJFFFHBCFG	~~~~~~~~~~~~~~~~~~~~~~~~~~~~~~~~~~~~~~~~~~~~~~~~~~~~~~~~~~~~~~~~
chr21	15868238	T	64	<<<<><<<>><<<<<><><<><<<<<<>>>><<<<<>>>><>>><<<<<<<>><<<<<<><<,c	CFF=GJIJ@JJJJJIJIJIGJJIJIGJIIJJIGFGIIJIIJJJBHGJJIIIHGJJEIJJFJIJJ	~~~~~~~~~~~~~~~~~~~~~~~~~~~~~~~~~~~~~~~~~~~~~~~~~~~~~~~~~~~~~~~~
chr21	16334963	T	17	G...,,,g,gGgG,ggG	JIHHHJJJJIFIHFBDF	~~~~~~~~~~~~~~~~~
chr21	16335515	C	18	tTT,T,..TTtT.,..T^~.	CHHDIJJIIDDIJBID@C	~~~~~~~~~~~~~~~~~~
chr21	16336804	T	9	.CCC.cc.C	IJICJGBGC	~~~~~~~~~
chr21	16339852	T	10	,C,,C.,.CC	FIGGJHIFHD	~~~~~~~~~~
chr21	16340289	C	4	.t,.	B?JH	~~~~
chr21	18885168	A	1	>	H	~
chr21	19161403	A	19	>gGG.G...GG.GG.,.g.	JHEDJJoIFJE?JJIIEAD	~~~~~~~~~~~~~~~~~~~
chr21	19161515	A	21	>,..g,,....gg,,g,,gG^~G	JD8EJAFJEJEFE?9JC@GC@	~~~~~~~~~~~~~~~~~~~~~
chr21	19161548	C	30	>...tt,,t,,tTTTtTTTT.,.Tt..t^~.^~.	JIJGHGJ1JJ@IJ>CIDCJHHAJCFF@=@@	~~~~~~~~~~~~~~~~~~~~~~~~~~~~~~
chr21	19161689	C	45	>,TTt.T...t.t.T,,ttT.T.,.,,.,t,T,ttT,TT..T,,,	JDHHFJIIJ4HIGGIJIJIBH?GG9IFCJIIIGFJ@JIA:GHIHF	~~~~~~~~~~~~~~~~~~~~~~~~~~~~~~~~~~~~~~~~~~~~~
chr21	19163803	T	18	>cc.c,CC.C..c,,c,.	JJGEJIJ?JJJHGIJCJB	~~~~~~~~~~~~~~~~~~
chr21	19165090	C	12	>,$Tt,,,,.t,,	J?JIDJAJJIGJ	~~~~~~~~~~~~
chr21	19169155	G	38	<C$,,c.,.cc.,,,.c....Cccc,c,,cCCCC..^~.^~C^~C	HHFFFGDpHJGI<J::BICIJIJFJJF:HFFFFDD@CC	~~~~~~~~~~~~~~~~~~~~~~~~~~~~~~~~~~~~~~
chr21	26978950	A	110	g$g$g$gg$GGG.g...gGG.,.Gggg,,,,G,ggggg,,,g,ggg,,gg,g,gg,gg,,,G,g,g,.GG.gG,,,gggg,g,,g,,g,,gggg,,gggg,,g,g,,ggggg,,	CCCC@?=HHF=GJFHJ>HEGH:BHFHHJJJEJJFIJIIIHJJJG@JIJFGHAI@?FHJIIFGFDIJBEI=F<HDDCDCB=?A<8?DD7D78D@D2DDBBBDBBDDBD?DA	~~~~~~~~~~~~~~~~~~~~~~~~~~~~~~~~~~~~~~~~~~~~~~~~~~~~~~~~~~~~~~~~~~~~~~~~~~~~~~~~~~~~~~~~~~~~~~~~~~~~~~~~~~~~~~
chr21	27012088	C	1	<	J	~
chr21	27097053	G	536	<>><>><><<<<<<<>>>>><>>>><>>>><><>>>>>>>><>>>>>>>>>>>>>>>>>>>>><><><<>><<<<><<<<<>>>>>>>><><<<><<>>><>><>><<><>><<<<<>><>><<<>>>>>>>>>>>>>><>>>>>>>><<><>><><<>>>><>><<>>>>><>>>>>>>>>>>>>>>>>>>>>>>>>>>>>>>>>>>>>>>>>>>>>>>>>>>>>>>>>>>>>>>>>>>>>>>><>>>>>>><>>>>>>>>>>>>>><>>>>>>>>>>>><>>>>>>>>>><>>>>>>>>>>>>>>>>>>><>>>>>>>><>>>>>>>><>>>>>>>>><><>>>>>>>>>>>>>>>>>>>>>>>>>>>>>>>>>>>>>>>>>>>>>>>>>>>>>>>>>>>>>><>>>>>>>>>>>>>>>>>>>>>>>><<><<<><>><>>><><<>>>><>><<<<<><<<<><>><<<><><><><><<>>>>>>><>>><<<<<><><><>><<><>>><>>><><>>><<>>><>><>>T	@@HFHHBGFFHHFHAHEHAH=EHAHFHH?JDID@@;JGHE5HIHJI@5@II5;IJGGIJJFICGHJJGA7GJGJJHIJJIGJJGJIHJJDHJFJCDHJHG@FJJF?IJJFEIHJJ@4CGFGBHJ9J?GDF?IJGIJHJDJFIJGJFD=EIEJJ?IIBGJGJJIGJIIIBJJ7GDF60JCJ3JI@<ID:JGJJJJJJJJJJJJJCJIGIIHJJCIBGJJIJIIII?1JJ:JJIBBG?JJIJHIDJJHIJJ1GF;GJJJJGJJGBI:IJJCJIEJJJJGJGJGGBG;JEFJIJJFHGJIG:IJIJIE?1GGF?JGJIJJ=IJIIJ1GGIICGJJHCGIFJJJJJIJJJHJ<JDJI?J=IJJJIIFJJJJJJFIIH?JIIJJJJJ;JFJJEJIBIFIGJFAEACIJ<JB;HJH8IJIJGJJGCFDJGGIC?IHFGJGIDIDGJDGJCIFIHIJFHJFFBJHGCHJ@IGHJHFIJJBGHDFJ?FFIIFFFFFDFJF;DJCGI=FHFJFJFFHIFJDFFHFFFJFFFFFJIFFDG2FJDBI	~~~~~~~~~~~~~~~~~~~~~~~~~~~~~~~~~~~~~~~~~~~~~~~~~~~~~~~~~~~~~~~~~~~~~~~~~~~~~~~~~~~~~~~~~~~~~~~~~~~~~~~~~~~~~~~~~~~~~~~~~~~~~~~~~~~~~~~~~~~~~~~~~~~~~~~~~~~~~~~~~~~~~~~~~~~~~~~~~~~~~~~~~~~~~~~~~~~~~~~~~~~~~~~~~~~~~~~~~~~~~~~~~~~~~~~~~~~~~~~~~~~~~~~~~~~~~~~~~~~~~~~~~~~~~~~~~~~~~~~~~~~~~~~~~~~~~~~~~~~~~~~~~~~~~~~~~~~~~~~~~~~~~~~~~~~~~~~~~~~~~~~~~~~~~~~~~~~~~~~~~~~~~~~~~~~~~~~~~~~~~~~~~~~~~~~~~~~~~~~~~~~~~~~~~~~~~~~~~~~~~~~~~~~~~~~~~~~~~~~~~~~~~~~~~~~~~~~~~~~~~~~~~~~~~~~~~~~~~~~~~~~~~~~~~~~~~~~~~~~~~~~~~~~~~~~~~~~~~~~~~~~~~~~~~~~~~~~~
chr21	27097458	G	535	<>><>><><<<<<<<>>>>><>>>><>>>><><>>>>>>>><>>>>>>>>>>>>>>>>>>>>><><><<>><<<<><<<<<>>>>>>>><><<<><<>>><>><>><<><>><<<<<>><>><<<>>>>>>>>>>>>>><>>>>>>>><<><>><><<>>>><>><<>>>>><>>>>>>>>>>>>>>>>>>>>>>>>>>>>>>>>>>>>>>>>>>>>>>>>>>>>>>>>>>>>>>>>>>>>>>>><>>>>>>><>>>>>>>>>>>>>><>>>>>>>>>>>><>>>>>>>>>><>>>>>>>>>>>>>>>>>>><>>>>>>>><>>>>>>>><>>>>>>>>><><>>>>>>>>>>>>>>>>>>>>>>>>>>>>>>>>>>>>>>>>>>>>>>>>>>>>>>>>>>>>>><>>>>>>>>>>>>>>>>>>>>>>>><<><<<><>><>>><><<>>>><>><<<<<><<<<><>><<<><><><><><<>>>>>>><>>><<<<<><><><>><<><>>><>>><><>>><<>>><>><>>	@@HFHHBGFFHHFHAHEHAH=EHAHFHH?JDID@@;JGHE5HIHJI@5@II5;IJGGIJJFICGHJJGA7GJGJJHIJJIGJJGJIHJJDHJFJCDHJHG@FJJF?IJJFEIHJJ@4CGFGBHJ9J?GDF?IJGIJHJDJFIJGJFD=EIEJJ?IIBGJGJJIGJIIIBJJ7GDF60JCJ3JI@<ID:JGJJJJJJJJJJJJJCJIGIIHJJCIBGJJIJIIII?1JJ:JJIBBG?JJIJHIDJJHIJJ1GF;GJJJJGJJGBI:IJJCJIEJJJJGJGJGGBG;JEFJIJJFHGJIG:IJIJIE?1GGF?JGJIJJ=IJIIJ1GGIICGJJHCGIFJJJJJIJJJHJ<JDJI?J=IJJJIIFJJJJJJFIIH?JIIJJJJJ;JFJJEJIBIFIGJFAEACIJ<JB;HJH8IJIJGJJGCFDJGGIC?IHFGJGIDIDGJDGJCIFIHIJFHJFFBJHGCHJ@IGHJHFIJJBGHDFJ?FFIIFFFFFDFJF;DJCGI=FHFJFJFFHIFJDFFHFFFJFFFFFJIFFDG2FJDB	~~~~~~~~~~~~~~~~~~~~~~~~~~~~~~~~~~~~~~~~~~~~~~~~~~~~~~~~~~~~~~~~~~~~~~~~~~~~~~~~~~~~~~~~~~~~~~~~~~~~~~~~~~~~~~~~~~~~~~~~~~~~~~~~~~~~~~~~~~~~~~~~~~~~~~~~~~~~~~~~~~~~~~~~~~~~~~~~~~~~~~~~~~~~~~~~~~~~~~~~~~~~~~~~~~~~~~~~~~~~~~~~~~~~~~~~~~~~~~~~~~~~~~~~~~~~~~~~~~~~~~~~~~~~~~~~~~~~~~~~~~~~~~~~~~~~~~~~~~~~~~~~~~~~~~~~~~~~~~~~~~~~~~~~~~~~~~~~~~~~~~~~~~~~~~~~~~~~~~~~~~~~~~~~~~~~~~~~~~~~~~~~~~~~~~~~~~~~~~~~~~~~~~~~~~~~~~~~~~~~~~~~~~~~~~~~~~~~~~~~~~~~~~~~~~~~~~~~~~~~~~~~~~~~~~~~~~~~~~~~~~~~~~~~~~~~~~~~~~~~~~~~~~~~~~~~~~~~~~~~~~~~~~~~~~~~~~~
chr21	30244800	a	9	ggg,g.g,g	@HJJJEFHJ	~~~~~~~~~
chr21	30244860	T	3	..C	IJH	~~~
chr21	30244877	T	4	GG..	?IJF	~~~~
chr21	30244968	t	5	,cC,.	GIJCH	~~~~~
chr21	30245239	t	7	<,,...,	IHGCJEF	~~~~~~~
chr21	30245374	t	11	<,.CC.CCC.c	I<DCJJJJHFG	~~~~~~~~~~~
chr21	30245718	t	4	<,,,	IJJJ	~~~~
chr21	30245824	t	7	<..C...	IGHG?BF	~~~~~~~
chr21	30245894	g	12	<,.A,a,A...A	IFIIDJJFDFCC	~~~~~~~~~~~~
chr21	30245965	c	7	<.T,,t.	IbJJIIC	~~~~~~~
chr21	30246881	g	4	<a..	ID?I	~~~~
chr21	30247241	a	7	<,,,.,g	IF?JGEC	~~~~~~~
chr21	30247533	c	11	<..t,,,.t,^~.	IIFBJGGG.H@	~~~~~~~~~~~
chr21	30247628	c	13	<..t...,,,..T	IJCEGJCIAJHFD	~~~~~~~~~~~~~
chr21	30247858	g	4	<,CC	IJJG	~~~~
chr21	30247893	c	7	<G..GGG	ID?AICC	~~~~~~~
chr21	30247894	t	7	<A..AAA	IH?FJFC	~~~~~~~
chr21	30248353	c	3	<t.	IJJ	~~~
chr21	30255347	C	16	A.AAAA..a,A,,Aaa	E=FI@IJJJJDHIGIB	~~~~~~~~~~~~~~~~
chr21	30341891	A	11	,gG,G.ggGGg	CAEJ?HJJIJ>	~~~~~~~~~~~
chr21	30378090	C	3	TT^~.	E@C	~~~
chr21	30425212	c	75	<>>>>>>><<<<<>>>><<<<<<<<<<>>><<><<<>>>>>>>>>>>>><>>><><<<<<<<>><<><<<<<><,	JDH;HFHGDFFHFH7JGJDJJI9JJJIGHAJJJIJHIEIIDJIIGIIG@HIIGGHIIAJIJ?DFJIHCJJIIDIF	~~~~~~~~~~~~~~~~~~~~~~~~~~~~~~~~~~~~~~~~~~~~~~~~~~~~~~~~~~~~~~~~~~~~~~~~$~~
chr21	30547602	A	7	G,,,gGg	JDJFFDH	~~~~~~~
chr21	31803210	C	1	,	F	~
chr21	32492492	T	1	c	G	~
chr21	32492670	G	4	A,,a	gIIJ	~~~~
chr21	32493031	A	3	GgG	FCG	~~~
chr21	33641152	a	49	g$,,gggg,,g...g,,..gggGggg,,G,gg,,G,,gg.....,g,g,^~g	CDDAIJJFHJ>D;JHC@GFCJEIG>GDJ?@IDFJF@CJHHBHFCCDEDC	~~~~~~~~~~~~~~~~~~~~~~~~~~~~~~~~~~~~~~~~~~~~~~~~~
chr21	33949059	G	1	.	H	~
chr21	33949822	G	1	<	J	~
chr21	33951068	T	1	.	H	~
chr21	33975279	T	95	<<<>><<<<<<<<<>>>><>><<>>>><>>>>><<<<<<<<<<>><<<<<<<><<>>>>>><<>><<<<<<<>>><<<<<<<<<<<<<>>Cc.c,	HDFCHHHHHGJJJJAJIIJJJJJHGIIJG2JJJGIIIHIGH;IBIJJJJG@JG;GJGEJFEHHIEHHGHEEEGJHFE;D?@E9DDCDDFFGJJ?G	~~~~~~~~~~~~~~~~~~~~~~~~~~~~~~~~~~~~~~~~~~~~~~~~~~~~~~~~~~~~~~~~~~~~~~~~~~~~~~~~~~~~~~$~~~~~~~~
chr21	34001496	G	4	,a,A	BJHI	~~~~
chr21	34059352	T	2	,c	HI	~~
chr21	34144545	A	2	GG	AH	~~
chr21	34163431	A	6	><>><t	IFIJDG	~~~~~~
chr21	34163742	a	5	><>><	IFIJD	~~~~~
chr21	34165779	A	5	><>><	IFIJD	~~~~~
chr21	34165864	C	5	><>><	IFIJD	~~~~~
chr21	34166343	C	5	><>><	IFIJD	~~~~~
chr21	34170535	c	2	><	IJ	~~
chr21	34602246	T	11	GG.GGGG..GG	DDDD@CJFEGG	~~~~~~~~~~~
chr21	34668747	A	113	><G,,ggg,,GG,g,.G..ggg,,,,,,gG.g,g,..G.,,Gg.GG,g,g.GG.....,,Ggg,,,,,,,g.g,,g,g.Ggg,gg,,gG,g,g,.GG.,.,GGG,.G.G,,.g	FFBCCC<CFFFDHGJHJGJHJAEIGBJJAAIJ?IIHJIFJJ0BIJGIIJHIGJJJJIJCI:?HCJDJJIEHJGCJ;IBHJIGIHGCIH@HIECHJ8IGH;GHFHHF?EAFECD	~~~~~~~~~~~~~~~~~~~~~~~~~~~~~~~~~~~~~~~~~~~~~~~~~~~~~~~~~~~~~~~~~~~~~~~~~~~~~~~~~~~~~~~~~~~~~~~~~~~~~~~~~~~~~~~~~
chr21	34668976	g	91	><A$cAA.AAa,A...,a.,AaA,a,,aa,,aAaa,,,a,,,a,aAaA.A,.AA,Aaa,a,,..a,Aa.A,a,aa,,.AA..,.AAA.a.AA	FFGCICJIGFHCIIJGJ@HIJ7IGHEJJJJJHJJEGIE>JIJIIJHIIJ0JIIFIHJIJEBJ>AJIEIIIFEJH@IGJHIHFDFFF@@D@B	~~~~~~~~~~~~~~~~~~~~~~~~~~~~~~~~~~~~~~~~~~~~~~~~~~~~~~~~~~~~~~~~~~~~~~~~~~~~~~~~~~~~~~~~~~~
chr21	34696867	C	6	>T...t	F9=FHC	~~~~~~
chr21	34775434	A	1	>	F	~
chr21	34775444	T	1	>	F	~
chr21	34775721	T	1	>	F	~
chr21	34787312	A	186	>>>G$.$.$G$.$....g...GG$G,G,,,,,GG,g,gGg,.,.g.,G.ggGG...GGGggGGG.gG.G,GGG,,gGGGgGG.GG.g,,ggg,gg,,,,,gG,,,Gg,G..,GgG.,.ggg.ggG,g,g...g.GG.G..gggGgg,gg,G.GG,.G,G,.g,.gG,g,G,,,G,..g.gG.g^~,^~,^~g^~,^~,^~,^~,^~g^~g	F@FBDDBDDD>7HF;FC@FHHIJJGJH:IGIDHGGF@HGGJJCJB@JIJJIJJJCHIG?JIGI<IGDGJGJJ@IEIIJDJEJDI3JJGJJII@>GJGGJG@JIJJIJHFIBJJJGHHDFAJHJCIJIJJJGGJJ@JHDEHHGIH@IIHFGGFHFBCFFFDBCFAEEFFEFFCCE?@>EE@CEEEFE	~~~~~~~~~~~~~~~~~~~~~~~~~~~~~~~~~~~~~~~~~~~~~~~~~~~~~~~~~~~~~~~~~~~~~~~~~~~~~~~~~~~~~~~~~~~~~~~~~~~~~~~~~~~~~~~~~~~~~~~~~~~~~~~~~~~~~~~~~~~~~~~~~~~~~~~~~~~~~~~~~~~~~~~~~~~~~~~~~~~~~~~~~~
chr21	34925263	A	122	>GgGgg,$,gGg,g....G,.GGG,GGGGg,,g,g,,ggg,g,,GgG....Gg,G,gG,,g,,gg,gGGG..,g.gG..G.,.G.gg,,G,,.gG,,gg,,G,,..gG,G....,.,,GG^~G^~,^~,	IHCH@C@C@H@@FGJJGJGIGGIJIEIHHEJJII:ICJJJJJJJJGG1JJJDJ:HGJHJIG@BJIJIEGJJJHJIFJJGJ>JGHCJJHCJHJGIJIIFI@IEJGHIJIIHHHHIH=AFC@FD	~~~~~~~~~~~~~~~~~~~~~~~~~~~~~~~~~~~~~~~~~~~~~~~~~~~~~~~~~~~~~~~~~~~~~~~~~~~~~~~~~~~~~~~~~~~~~~~~~~~~~~~~~~~~~~~~~~~~~~~~~~
chr21	35281183	G	830	<<<<><<><><>>><>>><<<<><<<<<<<<<><>><<<<<><<><<<<>>><><><<<<>>>>>><<><<<<><<><<<<><<><>>>>><><<<>>><><<><<<><>>>>>>>>>>>>>>>><>>><>>>>>>>>>>>><<<><>><<>><>>><>><><<<>>>>>>>>>>>>>>>>>>>>>>>>>>>>>>>>>>>><><><>>>>>>>><><>><><><<>><<<><<<<>><>>><<<<<>>>><<>>><>>>>>>><<<<<<<<>><<<<<<<<<<<<<<><>>>>>>>>>>><<<<<><<><<<<<<<<<<<<<>><<<>>><><<<<<<<<<><<<<<<<<<>>>>>>>><>>>><>>>><>>><>><>>>>><>>><>>>>>>>>>><>>><>>>>>>>>>>>>>>><>>>>>>>>>>><>><>>>><<><>>>><<>><<>>>>>>>>>><<>><><>><>><<<>>><<<<<<<<<<<><<<<<<><<<<<><<<<<<<<<<><><>>>>><<<><<<><>>>>>><>>><<<<><><<>>>>>>>>>>>><>><>>>>>><>>><>>>>>>><<>>>>>><<<>>>>>>>>>><>><>>>>>>><>><<<<<<<<<<<<<<<<<<<><<><>>>><<<><>>>>><>>><<<<><<<><<>><>><<><>>>><>>>>><<>><<<<><<><<<<<>><><>><><<<<<<<<<<<<<<<<<<<<<<<<<<>>>><><>>>>>>>>><>><>>><<<<>>><<<<><><<<<<<<<<<<<>><<<<>><<<<<<<<<>><<><>><<>><<<>>><.	FHHH?I??HAIDCFCFDFFFFDDDFFFDFFFFCF@FFFDDDHFFDFFFBFFFDFFFD:FHCEHHHHHDHHHFCHHHH>HFDFHBHGEHHHGHHFHB?IGHGJIEIJ@IJJJEHGIJIJCJHEGJGJIJDJDGHIJGGGJJJJJIE;JJHIHH@HCIHIJFIGJGJIGGJJJBIFJJHCFIHGJC=HIHIGHJCEGCGFIGGAIIFJHIGJHGH=<GIHIJFJHJJ@IHFIEIEJHIIIJGIIJAIIIIJGJHJJGJGBH?JJIII<JIGJGJGHGJJ<JJIIIGHBBIJIIJGBHFJIEJIJGII<IJHIJJIIAJJEJJIJ9JJIDAIJEGDHJJIJCJIGIIJIJGGDJHBJIIHJJJFDHEGJJIIIHIIHJJIIJGIJJGHHIIJIJBFDGFGGGIJIGJ:JDGGIGIJFAJJGIJ?G?JFJICA@IECIJGHG;JIGDHIJJGJJJH0E0GJIFGJIJCJIGIIJJJHJJ?IJHIDJGDJJJJI?JGICJJJJIJHIJHI?EJGGBJJGFJJIFGHGJGIIIIIJBIJIJ<AHGG:HJGJGGID@GJIJJJIHJJIJIJIJBH>HIIIJGHGJFEJJJGIGJIHIIFGHHICIGJJJIEGIIGJGGCJHGHHJEJFBEIJIHJIIII?JI<GJFEEJA?9JJJJGIAGFJIIJFGIDIIHIJIIHEIIJIEDIJIJFHJJEHHJHIJG@HJJIBFEIIJJJHJCHIJIJHICIJEGIFJGGHBCGIIBIHCJJ<IJJJJ<IIJGJGJIIJHIIHIGCH:IHJI4EJJIJJHJ4FJJ=IJ=@ICJJJJJBGJHIJ<IJIJJJJ@J@FHJJHIHGJJHHJ7HHHHJG	~~~~~~~~~~~~~~~~~~~~~~~~~~~~~~~~~~~~~~~~~~~~~~~~~~~~~~~~~~~~~~~~~~~~~~~~~~~~~~~~~~~~~~~~~~~~~~~~~~~~~~~~~~~~~~~~~~~~~~~~~~~~~~~~~~~~~~~~~~~~~~~~~~~~~~~~~~~~~~~~~~~~~~~~~~~~~~~~~~~~~~~~~~~~~~~~~~~~~~~~~~~~~~~~~~~~~~~~~~~~~~~~~~~~~~~~~~~~~~~~~~~~~~~~~~~~~~~~~~~~~~~~~~~~~~~~~~~~~~~~~~~~~~~~~~~~~~~~~~~~~~~~~~~~~~~~~~~~~~~~~~~~~~~~~~~~~~~~~~~~~~~~~~~~~~~~~~~~~~~~~~~~~~~~~~~~~~~~~~~~~~~~~~~~~~~~~~~~~~~~~~~~~~~~~~~~~~~~~~~~~~~~~~~~~~~~~~~~~~~~~~~~~~~~~~~~~~~~~~~~~~~~~~~~~~~~~~~~~~~~~~~~~~~~~~~~~~~~~~~~~~~~~~~~~~~~~~~~~~~~~~~~~~~~~~~~~~~~~~~~~~~~~~~~~~~~~~~~~~~~~~~~~~~~~~~~~~~~~~~~~~~~~~~~~~~~~~~~~~~~~~~~~~~~~~~~~~~~~~~~~~~~~~~~~~~~~~~~~~~~~~~~~~~~~~~~~~~~~~~~~~~~~~~~~~~~~~~~~~~~~~~~~~~~~~~~~~~~~~~~~~~~~~~~~~~~~~~~~~~~~~~~~~~~~~~~~~~~~~~~~~~~~~~~~~~~~~~~~~~~~~~~~~~~~~~~~~~~~~~~~~~~~~~~~~~~~~~~~~~~~~~~~~~~~~~~~~~~~~~~~~~~~~~~~~
chr21	35281393	A	917	<<<><g><><<g$gGGGGG$.g$G$gg,$,Gg,.g$g,$Ggg$Gg.G..GgG,g,G..g.g,.t,,G,GG.GG..G.GGGG.GG,G.G,GGG..GG.GG.G,,,G,..,,.GgGGGg..,.,ggGGGGG..G.G.GGGGGGGGGGG..G>.G.G....GG,G,.gGGG..GGGgG,G.Gg.gG,,G.,,gGgggg..,GGG,,,gg...Gg,G.G,..GG.G,,,,,ggg.Ggg,,ggggg,,,ggGg.G..G...G..,,,,gG,,Gg,,,,gg,,ggg,G.g,GGG,>g,g,g,,ggGgggg,,,,g..G.GGGGg..GG,.G.G,GGG,G.g.G.G.,G.G,.GG..GGGGG,.G.,G...GG..G..GG..,...GG.G.GG.,.G,GG..g.,.GG.,gG.g,GG.GG..GGG,gGGgG,G.ggGGg,gG.G,,,gggg,g,,.g,gg,gGg,ggg.g,,gggggg,G,GgGGG..,,,G,gg.g.G.GG,G..,,,,GgG,,GG.GG....G..,..,GG..GG,GG.,G.GGGGGggGGG..C,,,..G.G.G.GG,.G,G..GGG.,..gg,,g,,g,gg,,g,G,,gg.ggGgGGGGgggGgG.G.Gg.G.,,gg.g,gG,,GG,G.,g.gGGGG,GGGGG,,GGggggGg,G,g,,,.GgG,GGgG,ggggg,gg,gggg,,ggg,,g,g,,...G,.,GGG.GG.G.,GGgGGGg,ggGG.g,,g.gGg<,ggg,g,,,,GG,,,g.G,g,g,,,gg.G,,G,GGgg..,g,...<,,ggg,,,,,,,g,,gGg,gg,g,,gggGg,,,,,,g,,gg.ggg,g.,.,..,,gG,gg,..,Gg.G,g,gGggG,gggggggg,,gGg,.G,,,g,GgG.g,^~g^~g^~.^~,^~.^~g^~G^~.^~.^~G^~,^~g^~,^~G^~G^~,^~G^~g^~g^~g^~,^~G^~,^~,^~G^~G^~G^~,^~g^~G^~,^~G^~,^~g	HHH?I@?HAIF@BCFFDBFBCCC@?F@?F?C?DF@FFBFDC@FFAD@E1FFEFFF2FBEFHH7EHAAHFCHHE7EIFHGCH3HHHHECEHHEHFG8HHEEBHEGIEJJGJAICJJIJIIGJDAIIJCJIIJJIJC.JJHAIHJG7JGGCGHEEIJ;JAHIJGJGCCEIJI@J=DJJGCFHIIJJBJJE@JJJJJJEIIAJI3JEJJHI>:IJJJJI<IJGJJCHGIJECJJJJJHAGDIJCGHIJG<GH?HGJGIJCHJHJIJGJGJJ>JIJGHGIHDGJ>GJIJJJJCJICJJJGHIDHJH?IDIEJIJ9?GFH@IBGGIGJDIEI<J?GIJF>HJEIHDAIJBJGGBIGJJH3GDJDHG?IBGE9GF@GGGEGA>@9CFHEIIGCIGIGIIBBJBFJHGEF<FF0IIIIIJIIHCGDFJGBIIJHDGIIJIIJJIEI9HIA8JJJIJJIBJBG<HJJEGJJE<JIJG<I?HEJJJHJHGJFEEGFDJG>IFHAJJIDCJIDJJ>HHGH>EIJEJI<9GJIIII@IGGIIJGI?BHJGII1G<J<?FEIHIHGIG9J>G?GC<<HG9GHBFIJGGIJHGI?JI99HGGGBJJ?HJIJJIIFIAFIHJB9IHJIJJGJJJGGIJJEG@JIEHJIIHGEJBGJIBIIJJIGGGHHIJEIG<JIJIGDIJJDDJIJJI=9IHJJGIDCGEDIJIJJAIHIGHIJJIHCIFGGGIJBJIJJCCJJJBJGJB3JI1IEEFJFJJJJJGGHGEJ?IIJJJJJBJ1GJIJIJJJJJIGGIIJGHJGDCJJJJJJJEGCJHEDJIJH=JIIGJJFJIGIEHJJJJJCDGAJIGDJD=B?@JIFJJIIDDGFIDFJJIGFIHDHHHHHF;GHH=FFHHDDD@FF=@F@?FF?F?B@F?@@@@F@@?FBFFFEBEDBB@FF@D?FE	~~~~~~~~~~~~~~~~~~~~~~~~~~~~~~~~~~~~~~~~~~~~~~~~~~~~~~~~~~~~~~~~~~~~~~~~~~~~~~~~~~~~~~~~~~~~~~~~~~~~~~~~~~~~~~~~~~~~~~~~~~~~~~~~~~~~~~~~~~~~~~~~~~~~~~~~~~~~~~~~~~~~~~~~~~~~~~~~~~~~~~~~~~~~~~~~~~~~~~~~~~~~~~~~~~~~~~~~~~~~~~~~~~~~~~~~~~~~~~~~~~~~~~~~~~~~~~~~~~~~~~~~~~~~~~~~~~~~~~~~~~~~~~~~~~~~~~~~~~~~~~~~~~~~~~~~~~~~~~~~~~~~~~~~~~~~~~~~~~~~~~~~~~~~~~~~~~~~~~~~~~~~~~~~~~~~~~~~~~~~~~~~~~~~~~~~~~~~~~~~~~~~~~~~~~~~~~~~~~~~~~~~~~~~~~~~~~~~~~~~~~~~~~~~~~~~~~~~~~~~~~~~~~~~~~~~~~~~~~~~~~~~~~~~~~~~~~~~~~~~~~~~~~~~~~~~~~~~~~~~~~~~~~~~~~~~~~~~~~~~~~~~~~~~~~~~~~~~~~~~~~~~~~~~~~~~~~~~~~~~~~~~~~~~~~~~~~~~~~~~~~~~~~~~~~~~~~~~~~~~~~~~~~~~~~~~~~~~~~~~~~~~~~~~~~~~~~~~~~~~~~~~~~~~~~~~~~~~~~~~~~~~~~~~~~~~~~~~~~~~~~~~~~~~~~~~~~~~~~~~~~~~~~~~~~~~~~~~~~~~~~~~~~~~~~~~~~~~~~~~~~~~~~~~~~~~~~~~~~~~~~~~~~~~~~~~~~~~~~~~~~~~~~~~~~~~~~~~~~~~~~~~~~~~~~~~~~~~~~~~~~~~~~~~~~~~~~~~~~~~~~~~~~~~~~~~~~~~~~~~~~~~~~~~~~~~~~~~~~~~~~~~~~~~~~~~~~~~~
chr21	35284683	A	523	<<G$g$g$G$G$G$.$,$,,gGgg,g.G.GG.gGGgg,ggG,g,,,gGg,.gg,g,g,gggG,gg,,gg.g,G,,,G,,,ggGggggG..G,,gGGgg..Ggg,,,,G,gg,,gg,g,g,,.g,.,gg,,,g,,,.gGG.G,,G,..G,.gggg.,gg,gg,,gg.gg,,.,G,,,g.,gggggg,g,,,,.,g,,GGgggg,g,,gggG,gg,g,,,gggG,,,,.,,g,,.,g.G,,,g,Ggg,,gggGg,,G,.gg.,g,,.,,g.g,gc,,,,g,,g,,,,,gg,ggg,g,ggg,gg,gg,g,,g,ggg,,,g,gg.ggg,gG,,.,.,.G,gG,..G,.gG,,,,,,Ggg.G.,,,g,gGggG,.G..g.g.G,,,g,g,,,,.g,,...,..g,g,,g,,.....,,,g..,,Gggg,gg.,GG..,.,GG.g.g..,gg,g,,g,,g,g,g,g,ggg,g,g,g,,,,g,g,,..G.ggggg,,,gggggg,g,g,,ggg,,gg,,,,ggg,gggg,...^~G^~,^~T^~g^~g	IGF@@FDDFB?BCF@C@@EHEE@EC>HFF?FDEDFDABDHFDHFFBFBFDFAFFDFFDDFFHDDHFBBHBADFDCBFFDHEHHDDDBHHHGDHHHFBCBEFIEFHBHEGFIHCGJEIEJHGGGFCACI6JIJGA<JEJIGGJGJJGGGJAEJJHHIIJIJGCJ:IAFE<JFJJGAJJHJFCDFIEJ:HG@BIIJHF<AJIB@G>HGEFAFIJEHDAFFHB<IHEICJJ=EF2HBJJJAFGI?JJFH?GIFJIGICHJ@EJIB9C:HA?GJEEJEC9DCIHDIGJDE?JIIDIAFJIDIBC<IGGHC?GA?DAIGJ:FJJ??GFHFJJ:6IHIGIFFDCBBFF;D<JJIGJI?:GFBJJJIDJ@CIFBJJ?0EFJII?9DFJ6HBCJH0JBI?>H?I9FEJJJJBFFGJJG8HIIG8J@JBGHHHEHEDHHJFEHHHJIEH8FJACJCJ@JFICJJ4F@@@=F=FFCJF:D@FFFFIAJIIHGEJJIIGJ@JDGAEJHJDHJ@C.J78HJCBFFHH@@C@@@FF	~~~~~~~~~~~~~~~~~~~~~~~~~~~~~~~~~~~~~~~~~~~~~~~~~~~~~~~~~~~~~~~~~~~~~~~~~~~~~~~~~~~~~~~~~~~~~~~~~~~~~~~~~~~~~~~~~~~~~~~~~~~~~~~~~~~~~~~~~~~~~~~~~~~~~~~~~~~~~~~~~~~~~~~~~~~~~~~~~~~~~~~~~~~~~~~~~~~~~~~~~~~~~~~~~~~~~~~~~~~~~~~~~~~~~~~~~~~~~~~~~~~~~~~~~~~~~~~~~~~~~~~~~~~~~~~~~~~~~~~~~~~~~~~~~~~~~~~~~~~~~~~~~~~~~~~~~~~~~~~~~~~~~~~~~~~~~~~~~~~~~~~~~~~~~~~~~~~~~~~~~~~~~~~~~~~~~~~~~~~~~~~~~~~~~~~~~~~~~~~~~~~~~~~~~~~~~~~~~~~~~~~~~~~~~~~~~~~~~~~~~~~~~~~~~~~~~~~~~~~~~~~~~~~~~~~~~~~~~~~~~~~~~~~~~~~~~~~~~~~~~~~~~~~~~~~~~~~~~~~~~~~
chr21	35471815	T	237	>>>><>>><>><<>>><<<<>>>>>>>><>>><>>>>><<<<<>>>>><<<>>>>><>>><<<>>><<<><<<<>><<<<>>>>>>><<<<<<<<><<<>><<><><><><><<<<<<<<><>>>><<>>>>>>><>>>>>><<<<<<><<<<<<<<<>><<>>><<>><<><<>>>><><<><<<<<><<<><<<<<<<<<<<<><>><<>>><<CCCC,c.,,cCc,.,CC.,,,	E?B>DBD@DD@FHB@BHHDHBD@>D@BBHDB>IDDDDBJGACJGH4EEEFIBDH/<CGH:FIGHEGGGEIIGGI=IIIJGIIJ;IIGFIHHIC?G.JF>HGICGBHIGIIFJJIDJGJGFGGGJBJCI0IIJJFGIJJIDEB>HHF9IBDHHGIH>IEIJGIJIGHIJHIEIF7IGICFHIIFC.JEGH@GJHCFBCHJII@7@DFFFB@ADDFJIh=JJIDGGEFI?GJIIJJICG	~~~~~~~~~~~~~~~~~~~~~~~~~~~~~~~~~~~~~~~~~~~~~~~~~~~~~~~~~~~~~~~~~~~~~~~~~~~~~~~~~~~~~~~~~~~~~~~~~~~~~~~~~~~~~~~~~~~~~~~~~~~~~~~~~~~~~~~~~~~~~~~~~~~~~~~~~~~~~~~~~~~~~~~~~~~~~~~~~~~~~~~~~~~~~~~~~~~~~~~~~~~~~~~~~~~~~~~~~~~~~~~~~~~~~~~~~~~~~
chr21	35472847	A	239	>>>><>>><>><<>>><<<<>>>>>>>><>>><>>>>><<<<<>>>>><<<>>>>><>>><<<>>><<<><<<<>><<<<>>>>>>><<<<<<<<><<<>><<><><><><><<<<<<<<><>>>><<>>>>>>><>>>>>><<<<<<><<<<<<<<<>><<>>><<>><<><<>>>><><<><<<<<><<<><<<<<<<<<<<<><>><<>>><<.g,gggg,g..,g,,gg,,,^~g^~.^~,	E?B>DBD@DD@FHB@BHHDHBD@>D@BBHDB>IDDDDBJGACJGH4EEEFIBDH/<CGH:FIGHEGGGEIIGGI=IIIJGIIJ;IIGFIHHIC?G.JF>HGICGBHIGIIFJJIDJGJGFGGGJBJCI0IIJJFGIJJIDEB>HHF9IBDHHGIH>IEIJGIJIGHIJHIEIF7IGICFHIIFC.JEGH@GJHCFBCHJII@7@DFFFB@ADDFJIIBJJJ?:JCJIIC?EBJIH=ECH	~~~~~~~~~~~~~~~~~~~~~~~~~~~~~~~~~~~~~~~~~~~~~~~~~~~~~~~~~~~~~~~~~~~~~~~~~~~~~~~~~~~~~~~~~~~~~~~~~~~~~~~~~~~~~~~~~~~~~~~~~~~~~~~~~~~~~~~~~~~~~~~~~~~~~~~~~~~~~~~~~~~~~~~~~~~~~~~~~~~~~~~~~~~~~~~~~~~~~~~~~~~~~~~~~~~~~~~~~~~~~~~~~~~~~~~~~~~~~~~
chr21	35474410	G	253	>>>><>>><>><<>>><<<<>>>>>>>><>>><>>>>><<<<<>>>>><<<>>>>><>>><<<>>><<<><<<<>><<<<>>>>>>><<<<<<<<><<<>><<><><><><><<<<<<<<><>>>><<>>>>>>><>>>>>><<<<<<><<<<<<<<<>><<>>><<>><<><<>>>><><<><<<<<><<<><<<<<<<<<<<<><>><<>>><<.,...,..,Aa..,a,,,a,,AAA..A,.AA.AA,A.	E?B>DBD@DD@FHB@BHHDHBD@>D@BBHDB>IDDDDBJGACJGH4EEEFIBDH/<CGH:FIGHEGGGEIIGGI=IIIJGIIJ;IIGFIHHIC?G.JF>HGICGBHIGIIFJJIDJGJGFGGGJBJCI0IIJJFGIJJIDEB>HHF9IBDHHGIH>IEIJGIJIGHIJHIEIF7IGICFHIIFC.JEGH@GJHCFBCHJII@7@DFFFB@ADDFJIDF@EJFEAHAIHIHIJJIBJGJJJIJIHIJHEH?JFC	~~~~~~~~~~~~~~~~~~~~~~~~~~~~~~~~~~~~~~~~~~~~~~~~~~~~~~~~~~~~~~~~~~~~~~~~~~~~~~~~~~~~~~~~~~~~~~~~~~~~~~~~~~~~~~~~~~~~~~~~~~~~~~~~~~~~~~~~~~~~~~~~~~~~~~~~~~~~~~~~~~~~~~~~~~~~~~~~~~~~~~~~~~~~~~~~~~~~~~~~~~~~~~~~~~~~~~~~~~~~~~~~~~~~~~~~~~~~~~~~~~~~~~~~~~~~~
chr21	35478063	G	294	>>><>>><>><<>>><<<<>>>>>>>><>>>>>>>><<<<>>>>><<<>>>>><>><<<>>><<<><<<<>><<<<>>>>>>><<<<<<<<><<<>><<><><><><><<<<<<<<><>>>><<>>>>>>><>>>>>><<<<<<><<<<<<<<<>><<>>><>><<><<>>>><><<><<<<><<<><<<<<<<<<<<<>>><<>>><>>>t.,ttt.TT.t.t,.TTTT,.tTT,.T.,tTT,Tttt,T,ttt,tT,T.T,..T.T..,tt.,.ttttTtttt,ttt,,,,..	E?>DBD@DD@FHB@BHHDHBD@>D@BBHDB>DDDDBJGAJGH4EEEFIBDH/<CG:FIGHEGGGEIIGGI=IIIJGIIJ;IIGFIHHIC?G.JF>HGICGBHIGIIFJJIDJGJGFGGGJBJCI0IIJJFGIJJIDEB>HHF9IBDHHGIH>IEIJGIJIGIJHIEIF7IGICFHIIFC.JGH@GJHCFBCHJII@7@DFFB@ADDFIHGDCoEDFDGIJJHJHHJkIJFJGJBIHG@FHIIIDIHDIGJIFIBJGHIHJJ?JFIHJ@JII9JJHCCIHHGIIIH>IGG@IIDD	~~~~~~~~~~~~~~~~~~~~~~~~~~~~~~~~~~~~~~~~~~~~~~~~~~~~~~~~~~~~~~~~~~~~~~~~~~~~~~~~~~~~~~~~~~~~~~~~~~~~~~~~~~~~~~~~~~~~~~~~~~~~~~~~~~~~~~~~~~~~~~~~~~~~~~~~~~~~~~~~~~~~~~~~~~~~~~~~~~~~~~~~~~~~~~~~~~~~~~~~~~~~~~~~~~~~~~~~~~~~~~~~~~~~~~~~~~~~~~~~~~~~~~~~~~~~~~~~~~~~~~~~~~~~~~~~~~~~~~~~~~~~~~~~~~~~~~
chr21	35496764	a	213	>>><>>><>><<>>><<<<>>>>>>>><>>>>>>>><<<<>>>>><<<>>>>><>><<<>>><<<><<<<>><<<<>>>>>>><<<<<<<<><<<>><<><><><><><<<<<<<<><>>>><<>>>>>>><>>>>>><<<<<<><<<<<<<<<>><<>>><>><<><<>>>><><<><<<<><<<><<<<<<<<<<<<>>><<>>><>>>,.	E?>DBD@DD@FHB@BHHDHBD@>D@BBHDB>DDDDBJGAJGH4EEEFIBDH/<CG:FIGHEGGGEIIGGI=IIIJGIIJ;IIGFIHHIC?G.JF>HGICGBHIGIIFJJIDJGJGFGGGJBJCI0IIJJFGIJJIDEB>HHF9IBDHHGIH>IEIJGIJIGIJHIEIF7IGICFHIIFC.JGH@GJHCFBCHJII@7@DFFB@ADDFIHGDFJ	~~~~~~~~~~~~~~~~~~~~~~~~~~~~~~~~~~~~~~~~~~~~~~~~~~~~~~~~~~~~~~~~~~~~~~~~~~~~~~~~~~~~~~~~~~~~~~~~~~~~~~~~~~~~~~~~~~~~~~~~~~~~~~~~~~~~~~~~~~~~~~~~~~~~~~~~~~~~~~~~~~~~~~~~~~~~~~~~~~~~~~~~~~~~~~~~~~~~~~~~~~~~~~~~~~~~~
chr21	35515117	G	273	<.$AAA.A...A..AA,.A..AA,.A....A.A,.a.,,aaaa.AAA.a,.a,,a,..,...AAA..AAa.AA.A.A.A...AAAA..AAA..aa..Aa,.AAAaAA...,.A.A,A...Aa.A..AAaA.A.,,A,.A..A.AA..AaAA..AAAaAaAAaAa..AaaA,AAa.a.AA...,AA,AAAa,.,,a,,a,,aaaa,,a,,,a,a,,aA,.aa.,a,Aa,.Aa...aa.a,,.A.,,,A.aa,a,A,AA...,..A...A.Aa,.^~A	HBjEFFFEDFFEFF>F/BB9A@3F.0CD>FDGHGDHHJJEJGoAHIqDJ<IFI@CDIFEFFIJ?IDIHGIHJDJFCDFIDI89HG?@HAIHJ>J6IIJJG:?BHIHFIGC6FJF>JHIJI@HGJDIGIC@EEJEGGJG@JJJGGHIIIJGIGGJCBIIIGJII8GG@GIIEJDDGCEGJJIFEEICFIHJ<IJHHHIAGAGGJDEIAIHIIFJIJIAAJIJ.IHJJJHFJHHHJHFGIIFFFIGGFDGJGIJB>FFFFDBFFBFF<@@@AJ@@	$~~~~~~~~~~~~~~~~~~~~~~~~~~~~~~~~~~~~~~~~~~~~~~~~~~~~~~~~~~~~~~~~~~~~~~~~~~~~~~~~~~~~~~~~~~~~~~~~~~~~~~~~~~~~~~~~~~~~~~~~~~~~~~~~~~~~~~~~~~~~~~~~~~~~~~~~~~~~~~~~~~~~~~~~~~~~~~~~~~~~~~~~~~~~~~~~~~~~~~~~~~~~~~~~~~~~~~~~~~~~~~~~~~~~~~~~~~~~~~~~~~~~~~~~~~~~~~~~~~~~~~~~~~~~~~~~
chr21	37410469	C	11	,,t..T,t.t,	DHGIHGIJIJG	~~~~~~~~~~~
chr21	37431719	t	11	<><><><<<<>	CAGGJCCCCCF	~~~~~~~~~~~
chr21	37432219	A	11	<><><><<<<>	CAGGJCCCCCF	~~~~~~~~~~~
chr21	37633391	g	5	<<>><	DFGJJ	~~~~~
chr21	37633532	g	5	<<>><	DFGJJ	~~~~~
chr21	37633823	T	5	<<>><	DFGJJ	~~~~~
chr21	37633878	T	5	<<>><	DFGJJ	~~~~~
chr21	37759957	C	47	.$.$.,$.t.,,,,,,,,t,tTT.TT.TTt..TT.T.,T.Tt,,,..tt,	FFFCFFHFHJIH@JJJIIJFJFJJEJBCIJ?IHF;JIGFD9DF?D/D	~~~~~~~~~~~~~~~~~~~~~~~~~~~~~~~~~~~~~~~~~~~~~~~
chr21	38308911	G	11	a.a.A,a,a,,	DH:IIE?J8HI	~~~~~~~~~~~
chr21	38436944	g	2	..	JF	~~
chr21	38437763	C	8	.G.G.^~G^~.^~G	HADF@CC@	~~~~~~~~
chr21	38454339	g	12	>>>>><<><<,.	03HDFJJEI?HJ	~~~~~~~~~~~~
chr21	38454456	t	12	>>>>><<><<C,	03HDFJJEI?;D	~~~~~~~~~~~~
chr21	38455153	a	10	>>>>><<><<	03HDFJJEI?	~~~~~~~~~~
chr21	38455324	C	12	>>>>><<><<aa	03HDFJJEI?GD	~~~~~~~~~~~~
chr21	38455936	a	13	>>>>><<><<ggg	03HDFJJEI?HHJ	~~~~~~~~~~~~~
chr21	38455999	t	11	>>>>><<><<g	03HDFJJEI?I	~~~~~~~~~~~
chr21	38512956	A	40	GGG.,...,..,,,ggG,g...GGgGGG.,gG.Gg,Gg^~t^~,	AHCEHH@EFGHJGIDIGG4?ICHHJ@HA<JHDHFCF@ECE	~~~~~~~~~~~~~~~~~~~~~~~~~~~~~~~~~~~~~~~~
chr21	38525356	T	61	ccCC..C..CCC..,c,,,c.,,,,,cc,,,c,c,.,c,.,,.,C,,,C.,C.C.,CcCC.	BCIEGFJG@BJGC<JIHIEGJJJI?>JJIGHJJJIIJJIGJJJGJJJJIHGHHFFJFIFC@	~~~~~~~~~~~~~~~~~~~~~~~~~~~~~~~~~~~~~~~~~~~~~~~~~~~~~~~~~~~~~
chr21	38563725	G	45	A.$,,.,,A,,,,,,,.a.,,.a,,AAAAAA.a,a,a,,,,,aaaa	JDJEJIJJIHJGD<JJJHIIIHBJII?JIGIJJGJIIDJGDHJIB	~~~~~~~~~~~~~~~~~~~~~~~~~~~~~~~~~~~~~~~~~~~~~
chr21	38568009	G	80	.,,c.C.Cc.C..ccC.,.Cc,CcCC,,,cccc..c.C..,,ccCc,,cc,ccC.C.Ccc,,c,,,,C,cc,,c..C.C.	BHHFJJGFDJ;GJHBIDI?JHGGDICHBIDFHIJIGJHJGFIDCHIICJJHJHJJJIJCHAFHHHGHHABFF;@F@@CC@	~~~~~~~~~~~~~~~~~~~~~~~~~~~~~~~~~~~~~~~~~~~~~~~~~~~~~~~~~~~~~~~~~~~~~~~~~~~~~~~~
chr21	38568308	C	113	TTTTT..TT..T,..t,.,t,tt,,,,,..Tt.,.TttT..TtTT.TT.T..T...,,t,t,.TTtTt.tt.tt,,,t,ttt.,tt,,,..t,,..,TTTTTTTTT.....,^~,	>DEDDE@JHGJGIJJD@BJJJEGJGGJFBHJDFHIJG>GJIIGJ:EJIJIIJ<GJAHJJFJJJ:JJHJJIGHCJHJJGHGICHHHABHFGHEDHFBBHFFDFDFFFFF3FFDC	~~~~~~~~~~~~~~~~~~~~~~~~~~~~~~~~~~~~~~~~~~~~~~~~~~~~~~~~~~~~~~~~~~~~~~~~~~~~~~~~~~~~~~~~~~~~~~~~~~~~~~~~~~~~~~~~~
chr21	38574018	C	111	,$,$..........TT....TT,t,t..TT.TT.,.,,t,,,,.T..t.T..T...,T,..T,T,tt,,,.,tTt,TTt...TT..t,.,,t,,,.t,,.t,,,t....,^~.^~T^~,	@?FFFgFHEBIII;GoIGnBJJIIGAJ9DHFJHGJIEDGIJ;JGJJHJJHFFJAIIJIJEIIIHBIGJFBJHHBHJIJGDHHHHCJHGJGIEG:IIIFGFGJJ@C@@HC@H	~~~~~~~~~~~~~~~~~~~~~~~~~~~~~~~~~~~~~~~~~~~~~~~~~~~~~~~~~~~~~~~~~~~~~~~~~~~~~~~~~~~~~~~~~~~~~~~~~~~~~~~~~~~~~~~
chr21	38574674	C	116	g.gg,G.....G...gG,Gg.G....G.G..G...,.G...,Gg,..,..,.GG.....G.,Gg.G,G.gGgG.,,,GG,..G.GGg...GGG.Ggg.G...G..,g...g,gG,G	C8CFDD?D<gBlDDDHDG8HB?=BDBB9DBDDDB@H@DEFFIFGJFFJHAGDHEGJJ>JHHGJIJIJJGGHFBJJJIJIHGGIJ:B3JGHJIJJFJIIFIIJIHBFCHFFD;DDBC	~~~~~~~~~~~~~~~~~~~~~~~~~~~~~~~~~~~~~~~~~~~~~~~~~~~~~~~~~~~~~~~~~~~~~~~~~~~~~~~~~~~~~~~~~~~~~~~~~~~~~~~~~~~~~~~~~~~~
chr21	38574675	T	117	c$.$c$c,C.....C...cC,Cc.C....C.C..C...,.C...,Cc,..,..,.CC.....C.,Cc.C,C.cCcC.,,,CC,..C.CCc...CCC.Ccc.C...C..,c...c,cC,C^~c	@@CFDD@DCgCkDDDHDF=HC=CBDDD@DDDDD@CC.DCDFHDFIFEJHAJ;GHHJI;IHJIJJJJJJCEIDDJGJHJJGGIJJDF<JIDJJJJGJGGGIIJBJEFD8HFDADACF?	~~~~~~~~~~~~~~~~~~~~~~~~~~~~~~~~~~~~~~~~~~~~~~~~~~~~~~~~~~~~~~~~~~~~~~~~~~~~~~~~~~~~~~~~~~~~~~~~~~~~~~~~~~~~~~~~~~~~~
chr21	38574680	T	112	C....C...cC,Cc.C....C.C..C...,.C...,Cc,..,.,.CC.....C.,Cc.C,C.cCcC.,,,CC,G.C.CCc...CCC.Ccc.C...C..,c...c,cC,Cc.^~c	DD@gCjCDDFD@DFDDC>DCDDDCDCDCDG@DDEEIDGID;JFJEEEHFH@HFFBFJIHJHCIHCGJJJJJJJ0EHIBG2JIIJJImGIJIHEHI9JIH=JJHECD?CH5C?	~~~~~~~~~~~~~~~~~~~~~~~~~~~~~~~~~~~~~~~~~~~~~~~~~~~~~~~~~~~~~~~~~~~~~~~~~~~~~~~~~~~~~~~~~~~~~~~~~~~~~~~~~~~~~~~~
chr21	38596677	g	78	<.$A$A.,AA,A,A.A.,a,aaaaaaAA.A,.AAAAa,.AAA.A.aAA,....A..a.Aa.A.,,,AaAa,.aAaa,,aA	CDEDDFFFFFFlHFoEAJIJJIJJJFIDEHIJACEIGJIIGJIGDJJJIJCJGIIJBIJIJJHIAJCJJHI<:HHHA@	~~~~~~~~~~~~~~~~~~~~~~~~~~~~~~~~~~~~~~~~~~~~~~~~~~~~~~~~~~~~~~~~~~~~~~~~~~~~~~
chr21	38598576	T	84	>>>>>><<<>>><<<<>>>><>>>><<><<<>><>>><<<<<>>>>><<>>><>>>><><>><><>><<>><>>>><<<<<>Cc	;CCEEDDHHJIJGIHEJ4CG@=IJIGIHAIGIGEJIGHHIEEJJJIBIHJHIGJ9J@BIHGI@FIJHIGJFHHCIJGIFEGHIG	~~~~~~~~~~~~~~~~~~~~~~~~~~~~~~~~~~~~~~~~~~~~~~~~~~~~~~~~~~~~~~~~~~~~~~~~~~~~~~~~~~~~
chr21	38599440	T	84	>>>>>><<<>>><<<<>>>><>>>><<><<<>><>>><<<<<>>>>><<>>><>>>><><>><><>><<>><>>>><<<<<>G.	;CCEEDDHHJIJGIHEJ4CG@=IJIGIHAIGIGEJIGHHIEEJJJIBIHJHIGJ9J@BIHGI@FIJHIGJFHHCIJGIFEGHIE	~~~~~~~~~~~~~~~~~~~~~~~~~~~~~~~~~~~~~~~~~~~~~~~~~~~~~~~~~~~~~~~~~~~~~~~~~~~~~~~~~~~~
chr21	38791581	A	13	>>>>><>><<><c	8B=HBDHHC>HGE	~~~~~~~~~~~~~
chr21	38791763	T	12	>>>>><>><<><	8B=HBDHHC>HG	~~~~~~~~~~~~
chr21	38792077	A	13	>>>>><>><<><t	8B=HBDHHC>HGJ	~~~~~~~~~~~~~
chr21	38885442	A	66	G.G.G..G.g..,,g.GG.Gg,..g.GG..G,gGgg.GGG.G.GGg,g,g,gg.,,gg.,G,.gg,	DEm>Fm>AkJGHJHJGhBIAHGGHDGJIBI:JIIJIJJEIJJGIGICJJIHJJHHJED8JHJFHHE	~~~~~~~~~~~~~~~~~~~~~~~~~~~~~~~~~~~~~~~~~~~~~~~~~~~~~~~~~~~~~~~~~~
chr21	38888744	G	2	a.	BH	~~
chr21	40190443	C	8	,.Tt.,GT	FBCI<J1I	~~~~~~~~
chr21	40549466	T	226	,,,,,ccC,cC.C.c.,C..C.,.c.,c.c,,c,,cc.C,,...CCccC...C.C,c.cc...C.cC..,.C.Cc,,c,C,.ccc.ccCCCCcC..C.cC,,c..c,c..CCcc..cC.CC,CCcc,cc,c,c,,.CCc,cc,c..,c,,,,cc,c,.,,C..c,,,C,,C,,C,cCc,.C.CC..CC.CCC.C..CCc.C..CCC.CCCC^~.^~.^~C^~C^~.^~C^~C^~C^~C^~C^~C^~C^~C^~C^~C	CCCC@@CG@DGJJJFGHJICJIAJBEHGICHDHHHGHC>GCHJCJJJJJJIJJJJ?JCJIJGE?JAGJJJFEJIJJIJHIGJJIEDJGJFJIIFEGCJJIEJFIIJFJHGJJIIIGCJIJJEGJIJGDEFGIIIHDJGJIJJJGDJGGFJJHHJJFIHE8FC?GAHGDEFFFFFFBCF;C@C;@CCC?@@CCC@@C@@F@C<CCCCC?CC@C@@@@?C@C@@CC??	~~~~~~~~~~~~~~~~~~~~~~~~~~~~~~~~~~~~~~~~~~~~~~~~~~~~~~~~~~~~~~~~~~~~~~~~~~~~~~~~~~~~~~~~~~~~~~~~~~~~~~~~~~~~~~~~~~~~~~~~~~~~~~~~~~~~~~~~~~~~~~~~~~~~~~~~~~~~~~~~~~~~~~~~~~~~~~~~~~~~~~~~~~~~~~~~~~~~~~~~~~~~~~~~~~~~~~~~~~~~~~~~~~
chr21	40555351	G	33	ccccccccc,cccc,ccccccc,,c$,,,,cccc	FDDFCBIA?FHJAHH@GDI@GEHE?FFFFDDD>	~~~~~~~~~~~~~~~~~~~~~~~~~~~~~~~~~
chr21	40562165	A	1	t	I	~
chr21	40564202	C	2	G$.	AJ	~~
chr21	40564464	T	4	c,cC	BIIF	~~~~
chr21	40566067	A	5	G..g.	HGJJ?	~~~~~
chr21	40567716	C	10	g,.,.GG.gg	FIAIIAJJIF	~~~~~~~~~~
chr21	40571246	A	7	g...gG.	BBEHJFF	~~~~~~~
chr21	40584598	C	9	.TtTT.tT.	HJHIJJGFD	~~~~~~~~~
chr21	40652142	G	2	AA	IH	~~
chr21	40714478	C	731	,$,$,$,$,$t$,$,$,$.$,$t.,,t,T.,.$T...,,,ttttTtt,.,.Tttt,......T.T.T..TTT..TTt..,.,..T.T....,,........t.,...T..TT.t...TT.T....T.....T,.T.......T..T.T.....ttT.T.....TTT........T.....,...TT.TTTTT...T..T.T.....tTtt...,.t.t,.t...t...,.T.,,.T...TT,Tt,t$tttt,tt,,tt.tt,t,t,TT.T..t..tt...T,,..tT....TT.....TTtttT.,t,.t,,tTt..T,ttt.t.,,.,,,tt,ttt,tt.t.,,t.....,tTTt......,t,.T........tt,,ttt,t,ttt,t,T...T.T.,TT,.T..TT....t....t.t.T..,.T.T,....t.tT.,....tt.t....TT......T.T........t.....ttTt........T...TT,tt...t,.tT,tTt..T.T...T...T.T..ttt.,t.tTtt,,,,,,,.,.,t,,T.t.tt,t..T...T.........t..TT.,T,TT.......T...TTT..TT.TT.T..TTT...T.T.....T.....t..tt,......T.tt..TTT...T,.T,,..tT.t.T..tT..,tTtTt.,T,,t,t..t,tt,,,t,.,tttttttt,,,,tt,tT,,t.ttTt,tttttt.tT^~T^~.^~.^~,^~,	@@@CBB@@CFC@FC@CFnFFDFFCFAFFBEFFHFFFqFFFFFFFfF.H>HHpp>HJHHJHsHHqFGGF\DdHEHIImGIGHpIGIHHHE>pHIHJHmEGCrHG@GCIGJJr=IIIJGJIJDGHHJJIID@EJIGIJ;@IJCIJ=DIJGJIJIJGHIJJ=JGICAIHEF@IHIJJGJIJIJGGGHGJAJJGJJIHJCEIGJJIIIGJIJHJIGJGI=HIsIAAGIGJIJCJJHE?CJIHJGGJFJEHFIJBIGHIIIJHBJG?IJJIIEI>JGFFG>IpHIIqJIGGJCGGECIIHHHHJIIJGICIIJJJGFJJJ4FJHH9CHDDDJJHJGIBCJGGJJ@EGG9GCEIFHGGGJInGEGEIGIIEHEGJGD@IIIJJFJGIIJIFG>HFJIIIGJDAJIJIJ;BJEIJII?G>IGGCDIJIIEECJJJGIJC?1IIIIJBBHJJIDHJ@IJIIIIGGJJIBJHCEHII4;EJIIJ3DEI?JBCJHGGIJGGEIGB>I@HJIJHIHIIJJIIJJFDHIII<BDHJJIHGIJJIJJIJIIIDJJEJIHDCJJG3GIJIHIJHJICIHHJJJCIJDIJJEHIJJEJG?GJAGADJIIGIFEIJHGJJEGJJJJGJIJFGF@HGIIJGIEJJIJ<JJIJ>JCGIJIJJGGJ<GJHHI>HJHFHHCFHDIGHJDJHJHECGJIHAEBI4JIGJJHII=J8JJGJFHJICIJEFGAGFEIFJIIJJGIICJBC?CAG	~~~~~~~~~~~~~~~~~~~~~~~~~~~~~~~~~~~~~~~~~~~~~~~~~~~~~~~~~~~~~~~~~~~~~~~~~~~~~~~~~~~~~~~~~~~~~~~~~~~~~~~~~~~~~~~~~~~~~~~~~~~~~~~~~~~~~~~~~~~~~~~~~~~~~~~~~~~~~~~~~~~~~~~~~~~~~~~~~~~~~~~~~~~~~~~~~~~~~~~~~~~~~~~~~~~~~~~~~~~~~~~~~~~~~~~~~~~~~~~~~~~~~~~~~~~~~~~~~~~~~~~~~~~~~~~~~~~~~~~~~~~~~~~~~~~~~~~~~~~~~~~~~~~~~~~~~~~~~~~~~~~~~~~~~~~~~~~~~~~~~~~~~~~~~~~~~~~~~~~~~~~~~~~~~~~~~~~~~~~~~~~~~~~~~~~~~~~~~~~~~~~~~~~~~~~~~~~~~~~~~~~~~~~~~~~~~~~~~~~~~~~~~~~~~~~~~~~~~~~~~~~~~~~~~~~~~~~~~~~~~~~~~~~~~~~~~~~~~~~~~~~~~~~~~~~~~~~~~~~~~~~~~~~~~~~~~~~~~~~~~~~~~~~~~~~~~~~~~~~~~~~~~~~~~~~~~~~~~~~~~~~~~~~~~~~~~~~~~~~~~~~~~~~~~~~~~~~~~~~~~~~~~~~~~~~~~~~~~~~~~~~~~~~~~~~~~~~~~~~~~~~~~~~~~~~~~~~~~~~~~~~~~~~~~~~~~~~~~~~~~~~~~~~~~~~~~~~~~~~~~~~~~~~~~~~
chr21	40720494	C	381	>t,$,$,$T$t,T,$t,,TTTt,,$,,,t,,..t,t,,,tttttt>t,t..,t.t,,T,t,t,ttt,t,,Tttt,,,,ttttT,,t,,t,ttT,t,t,t,,,tttt,t.T.ttt,t,t,,,,,.,t,,tt,tt,,.,t,.,,T.,tTt.tT,ttT.TtTtTT,.,tTtT,t,,,t,.,..t,,,T.,,Tt.,,tt,t.,t,,t,t,,tTt,.,tt,,,tt,,Tt.,tt.,t.Tt,tt,,,tttt.t,,,t,t.t,,,,,t,,,,,,,tttt,,t,.ttt,tt,tTtT,t,.T,TTttt,t,t,ttt,,tt,,,t,,t,,T.,tTt,,Ttt,.ttTtTtt,,,,t,t,,TTt,tt,t,t,,.t,,,,t,t,ttt,,tt,t,t,Tt,^~,^~.	GFBB@B@C?B@C@<@@@?@@@@C@@BBF@FFFFFFFF@FIF@FBDFFBFDD<GHHHHHGHAHHH8HHFHHFHHHHH2D;>JJHIDGBJJGIJJIJJIGEDGEB<BIJJAJJIJJIJI?JGJHDIDJDII>JGI3IG=>AB?DDG=IEG5C5J;<?BJ>FJ;JCJBEJJDJG6EGGIGJE>I@GG/IAHFBG;E@ID?EAHAGCGH@BEA:FE3GHFG;@BGE@HFGFFE9@>8D;CEG<IDG8CBA@CBB@??CB?BBD@=DDDDFD>D6HHCBCD<A?9B?:AEFDDFCDD5D@DDCDDBBCDDDD;DD@BDEHDDBDD@HGC<?:CF>2CD;BD:DDC3BBD>DDDB>@CDBFDDD;;:DD@D:CD>CE@@?D9BDD2@	~~~~~~~~~~~~~~~~~~~~~~~~~~~~~~~~~~~~~~~~~~~~~~~~~~~~~~~~~~~~~~~~~~~~~~~~~~~~~~~~~~~~~~~~~~~~~~~~~~~~~~~~~~~~~~~~~~~~~~~~~~~~~~~~~~~~~~~~~~~~~~~~~~~~~~~~~~~~~~~~~~~~~~~~~~~~~~~~~~~~~~~~~~~~~~~~~~~~~~~~~~~~~~~~~~~~~~~~~~~~~~~~~~~~~~~~~~~~~~~~~~~~~~~~~~~~~~~~~~~~~~~~~~~~~~~~~~~~~~~~~~~~~~~~~~~~~~~~~~~~~~~~~~~~~~~~~~~~~~~~~~~~~~~~~~~~~~~~~~~~~~~~~~~~~~~~~~~~~~~~~~~~~~~~~~~~~~~~~~~~~
chr21	40793911	C	2	<T	JH	~~
chr21	40800371	C	3	<>,	JDJ	~~~
chr21	40807360	T	1	<	E	~
chr21	42622786	C	12	..,T,ttTt.,^~.	CDHHJB1JIDF@	~~~~~~~~~~~~
chr21	42647821	C	4	t,tT	GGIF	~~~~
chr21	42717662	T	1	>	D	~
chr21	43160582	G	1	A	F	~
chr21	43161252	G	1	A	D	~
chr21	43218864	G	29	TT,TT.,t.,,ttTTTT,.,Tt...Tt,^~.	CEHHFFJIIJIIGFFJE?EIH?HJHHFG@	~~~~~~~~~~~~~~~~~~~~~~~~~~~~~
chr21	43220724	G	6	<c,C,.	ICF@IJ	~~~~~~
chr21	43221826	T	9	C$c.C,,c.C	DD?DJIH?I	~~~~~~~~~
chr21	43305435	C	16	T......,T.,T.,.t	CDE=H=GGHGGFDHDH	~~~~~~~~~~~~~~~~
chr21	43444731	C	1	t	F	~
chr21	43540955	C	1	<	J	~
chr21	43716901	A	19	G$GG.gG,g.g...G.,...	mDJDHH9HJ>HHJJJDJF@	~~~~~~~~~~~~~~~~~~~
chr21	43792665	t	60	>.,Ccc,c,cc,,,cC,cc,ccC.CcCCC..CCcCCC,ccCcC,c.CccCcCcC,CCc.^~c	J:FeHHDAJIAIAIIJCJGFJ3GJGJJGJIFJEEJJJCFFJFJD=HHDEH?DDA<FFD??	~~~~~~~~~~~~~~~~~~~~~~~~~~~~~~~~~~~~~~~~~~~~~~~~~~~~~~~~~~~~
chr21	43803412	T	38	<<><><>>>><<<<><<<<>><><<<<>>>><><<,C,	HJIFCHF?GJGGIJGJGJJDJCCGJG;IJIHHD@DFJE	~~~~~~~~~~~~~~~~~~~~~~~~~~~~~~~~~~~~~~
chr21	43854985	A	7	CC.cC,c	IIDDJFD	~~~~~~~
chr21	43855315	C	7	<>>>>>>	F9JJHJJ	~~~~~~~
chr21	43863521	A	5	GG.gg	BAJEG	~~~~~
chr21	43892641	T	4	<...	?IJF	~~~~
chr21	43905327	C	1	.	D	~
chr21	43934148	T	6	>>>>>>	7D9DHG	~~~~~~
chr21	44269654	C	41	<>><<<><>>><<,..,,t,,TtT,,..,t,,Tttt,,t^~t^~,	HDCGJFH5GAHDJ;EDFD<HJHIFGJF:JG:GJAFHC>?CD	~~~~~~~~~~~~$~~~~~~~~~~~~~~~~~~~~~~~~~~~~
chr21	44269743	A	46	<>><<<><>>><<Gg.,ggg,gGG..GG.GGg,G,gGG.GG,.GG^~G	HDCGJFH5GAHDJBF@GJGGJ?GIIIJJIJEIIJGGJJ@IHGFFF@	~~~~~~~~~~~~$~~~~~~~~~~~~~~~~~~~~~~~~~~~~~~~~~
chr21	44269825	G	41	<>><<<><>>><<.C.,.,,C,cc,.,,,c,cc,,,c..cC	HDCGJFH5GAHDJDDCFaD@DHGGGJCDC@D?=DCCDFF@F	~~~~~~~~~~~~$~~~~~~~~~~~~~~~~~~~~~~~~~~~~
chr21	44269860	A	46	<>><<<><>>><<c$c,,cCcc,c,c,ccc,CC,.ccc,,C,CCCCc	HDCGJFH5GAHDJ@HHFHeJIHCIGFIJHJDEDFBCA>DGAGFF@B	~~~~~~~~~~~~$~~~~~~~~~~~~~~~~~~~~~~~~~~~~~~~~~
chr21	44270229	C	45	<t.$tT..,t.TT.TT.T.TTTTT.T.t,TT...tT.T..t,tT^~.^~t	JCCF::CGJD@@CDCCACD@DD@DCC?DCDDCD8HHHHFBDBDCB	$~~~~~~~~~~~~~~~~~~~~~~~~~~~~~~~~~~~~~~~~~~~~
chr21	44273858	G	29	<....AA,,Aa,..A,.,.,..A.,,A,a	JCFFF?EJ8@CIJDIHB>ICJBGJDCFAD	$~~~~~~~~~~~~~~~~~~~~~~~~~~~~
chr21	44293744	C	42	<GG$,g,g.,,,,.G..,gg,g,,..G,Ggg,gG,,G..G.,^~.	JH@IGFHHEJIFGIII?JE<BE8EJHHHDE?FGEEIJFFD>B	$~~~~~~~~~~~~~~~~~~~~~~~~~~~~~~~~~~~~~~~~~
chr21	44299324	G	35	<><>><<><><>><<<<<<<<<<<<<<<<<<<,.C	JJCC=HHJG<JGIIFI@IJIDDCCCDCC@?DDJ@D	$~~~~~~~~~~~~~~~~~~~~~~~~~~~~~~~~~~
chr21	44323590	T	59	<><<<<><<<>>>><<>><>>>>>><>><<<<<><<<<<,,..g$.,..G.,,.Gg,,,,	J3@D;H:JJ@IEJ@G9IGIJDIIIG@JIJGHE@HEHCFB@?C?@CGIGGIE?JGEHCEF	$~~~~~~~~~~~~~~$~~~~~~$~~~~~~~~~~~~~~~~~~~~~~~~~~~~~~~~~~~~
chr21	44323720	C	63	<><<<<><<<>>>><<>><>>>>>><>><<<<<><<<<<T$.T,,.,.t,.TT,TT.T.,TT.,	J3@D;H:JJ@IEJ@G9IGIJDIIIG@JIJGHE@HEHCFBDB;JGDCEHJDEHJHJJ>HHAC?;	$~~~~~~~~~~~~~~$~~~~~~$~~~~~~~~~~~~~~~~~~~~~~~~~~~~~~~~~~~~~~~~
chr21	44324365	G	72	<><<<<><<<>>>><<>><>>>>>><>><<<<<><<<<<a.a.,.,,,,,Aa.,,.A,,aaA,,A..,.AA^~.	J3@D;H:JJ@IEJ@G9IGIJDIIIG@JIJGHE@HEHCFBD@DBFDFJJDDB<>GFGHHEHEGFCI:H7@?@@	$~~~~~~~~~~~~~~$~~~~~~$~~~~~~~~~~~~~~~~~~~~~~~~~~~~~~~~~~~~~~~~~~~~~~~~~
chr21	44517755	g	547	<><>>>>>>>>>>>>>>>>>>>>>>><>>>><>><<>><><><<<<<<>><<>>><><>><<>>><><<<<><<<<<<<<<<<<<<<><<<<<<<><>><><<<<<<>><<<>><<<<>>>><>>>>><>>><>>>>>><>>>><>>><<<<<>><>><><><<<<><><>>>>>>>>>>>><>>>><>>>>>>>>><>>>>>>>>>>>>>>>>>>>>>><<<><><>><><<<<<<<>>><<<<<><<<<<<><<<<<<><<<>><<<><<<>><>><<<>><><<<<<><><<<<>>>>>>><><>>>>>>>><<>>>>>>>>>>>>><>>>>>>><>>>><>>>>>>>>>>><>>>>>>><<<<<<>><><>>>>>>><>>>>>>>>>>>>>>>><>><><>>>>>>>>>>>><<<<><>>><<<<<>><<<><>>>>><<><<<<<><<<<<<><<<><<<><><<<<<><<><<<<<<<<<<<<<<<><><<<<>><<<<<<<>><<<<<<<<<<<<<<<<><<<<<>><><<><<<<a.,,	2D@EEEDDDEECCECDEEDC>EEEECDFCFDFFEFFCDACFBDFFFDFCEFF@EEFFFEFFHC@CGEDHHDF@HHDHFHHHHHHHHFGH<HHHFHHJHFIHIHFJGJEFJIJFCIJHJIJIHJJIGHGJCI>DJJIAJEJJ=FEJJJJIIGIJJIJJJGGJFGEJA8JJJAJJIJHEIJIGJGJIIGHEJ9G;GI3FIGFIIJJ8G.HIIDJHJIGJGJHJEIJIBI?JJJGJFIJJFC;JJBJJJGJJIIIGJJGJFGJDDJIJGJIH?EJDFDAFIJAIGJFIGJGJEIADH@HGBIIJJJ;JIJGHJ;JIGGDHJIGJEI@?JJGIJ6GJJJJDJIJJIDFIDIGGJHJGGJGIDIJGDJJ>EEHHHGHIIJ?HJFJE@IJJG>GJGIIJJJGIJIFGFJ@HIG?AIJFJJJGJIJIGEGJJHBIGIIGGIJJHIJJJJIHJIHFIHJE;JJHJJDJIHI;@IEDIJ:DEJHCFHFHHHCFHEBF@@:FF:B<FFDF?BEFBF@EFFFF/FEEEBF>EEF<B<FFBFFCDFCFDDFCDDDGIF?	~~~~~~~~~~~~~~~~~~$~~~~~~~~~~~~~~~~~~~~~~~~~~~~~~~~~~~~~~~~~~~~~~~~~~~~~~~~~~~~~~~~~~~~~~~~~~~~~~~~~~~~~~~~~~~~~~~~~~~~~~~~~~~~~~~~~~~~~~~~~~~~~~~~~~~~~~~~~~~~~~~~~~~~~~~~~~~~~~~~~~~~~~~~~~~~~~~~~$~~~~~~~~~~~~~~~~~~~~~~~~~~~~~~~~~~~~~~~~~~~~~~~~~~~~~~~~~~~~~~~~~~~~~~~~~~~~~~~~~~~~~~~~~~~~~~~~~~~~~~~~~~~~~~~~~~~~~~~~~~~~~~~~~~~~~~~~~~~~~~~~~~~~~~~~~~~~~~~~~~~~~~~~~~~~~~~~~~~~~~~~~~~~~~~~~~~~~~~~~~~~~~~~~~~~$~~~~~~~~~~~~~~~~~~~~~~~~~~~~~~~~~~~~~~~~~~~~~~~~~~~~~~~~~~~~~~~~~~~~~~~~~~~~~~~~~~~~~~~~~~~~~~~~~~~~~~~~~~~~~~~~~~~~~~~~~~~~~~~~~~~~~~~~~
chr21	44517758	g	547	<><>>>>>>>>>>>>>>>>>>>>>>><>>>><>><<>><><><<<<<<>><<>>><><>><<>>><><<<<><<<<<<<<<<<<<<<><<<<<<<><>><><<<<<<>><<<>><<<<>>>><>>>>><>>><>>>>>><>>>><>>><<<<<>><>><><><<<<><><>>>>>>>>>>>><>>>><>>>>>>>>><>>>>>>>>>>>>>>>>>>>>>><<<><><>><><<<<<<<>>><<<<<><<<<<<><<<<<<><<<>><<<><<<>><>><<<>><><<<<<><><<<<>>>>>>><><>>>>>>>><<>>>>>>>>>>>>><>>>>>>><>>>><>>>>>>>>>>><>>>>>>><<<<<<>><><>>>>>>><>>>>>>>>>>>>>>>><>><><>>>>>>>>>>>><<<<><>>><<<<<>><<<><>>>>><<><<<<<><<<<<<><<<><<<><><<<<<><<><<<<<<<<<<<<<<<><><<<<>><<<<<<<>><<<<<<<<<<<<<<<<><<<<<>><><<><<<<a.,,	2D@EEEDDDEECCECDEEDC>EEEECDFCFDFFEFFCDACFBDFFFDFCEFF@EEFFFEFFHC@CGEDHHDF@HHDHFHHHHHHHHFGH<HHHFHHJHFIHIHFJGJEFJIJFCIJHJIJIHJJIGHGJCI>DJJIAJEJJ=FEJJJJIIGIJJIJJJGGJFGEJA8JJJAJJIJHEIJIGJGJIIGHEJ9G;GI3FIGFIIJJ8G.HIIDJHJIGJGJHJEIJIBI?JJJGJFIJJFC;JJBJJJGJJIIIGJJGJFGJDDJIJGJIH?EJDFDAFIJAIGJFIGJGJEIADH@HGBIIJJJ;JIJGHJ;JIGGDHJIGJEI@?JJGIJ6GJJJJDJIJJIDFIDIGGJHJGGJGIDIJGDJJ>EEHHHGHIIJ?HJFJE@IJJG>GJGIIJJJGIJIFGFJ@HIG?AIJFJJJGJIJIGEGJJHBIGIIGGIJJHIJJJJIHJIHFIHJE;JJHJJDJIHI;@IEDIJ:DEJHCFHFHHHCFHEBF@@:FF:B<FFDF?BEFBF@EFFFF/FEEEBF>EEF<B<FFBFFCDFCFDDFCDDDIGG;	~~~~~~~~~~~~~~~~~~$~~~~~~~~~~~~~~~~~~~~~~~~~~~~~~~~~~~~~~~~~~~~~~~~~~~~~~~~~~~~~~~~~~~~~~~~~~~~~~~~~~~~~~~~~~~~~~~~~~~~~~~~~~~~~~~~~~~~~~~~~~~~~~~~~~~~~~~~~~~~~~~~~~~~~~~~~~~~~~~~~~~~~~~~~~~~~~~~~$~~~~~~~~~~~~~~~~~~~~~~~~~~~~~~~~~~~~~~~~~~~~~~~~~~~~~~~~~~~~~~~~~~~~~~~~~~~~~~~~~~~~~~~~~~~~~~~~~~~~~~~~~~~~~~~~~~~~~~~~~~~~~~~~~~~~~~~~~~~~~~~~~~~~~~~~~~~~~~~~~~~~~~~~~~~~~~~~~~~~~~~~~~~~~~~~~~~~~~~~~~~~~~~~~~~~$~~~~~~~~~~~~~~~~~~~~~~~~~~~~~~~~~~~~~~~~~~~~~~~~~~~~~~~~~~~~~~~~~~~~~~~~~~~~~~~~~~~~~~~~~~~~~~~~~~~~~~~~~~~~~~~~~~~~~~~~~~~~~~~~~~~~~~~~~
chr21	44517914	c	553	<><>>>>>>>>>>>>>>>>>>>>>>><>>>><>><<>><><><<<<<<>><<>>><><>><<>>><><<<<><<<<<<<<<<<<<<<><<<<<<<><>><><<<<<<>><<<>><<<<>>>><>>>>><>>><>>>>>><>>>><>>><<<<<>><>><><><<<<><><>>>>>>>>>>>><>>>><>>>>>>>>><>>>>>>>>>>>>>>>>>>>>>><<<><><>><><<<<<<<>>><<<<<><<<<<<><<<<<<><<<>><<<><<<>><>><<<>><><<<<<><><<<<>>>>>>><><>>>>>>>><<>>>>>>>>>>>>><>>>>>>><>>>><>>>>>>>>>>><>>>>>>><<<<<<>><><>>>>>>><>>>>>>>>>>>>>>>><>><><>>>>>>>>>>>><<<<><>>><<<<<>><<<><>>>>><<><<<<<><<<<<<><<<><<<><><<<<<><<><<<<<<<<<<<<<<<><><<<<>><<<<<<<>><<<<<<<<<<<<<<<<><<<<<>><><<><<<<Tt,T.TT.T.	2D@EEEDDDEECCECDEEDC>EEEECDFCFDFFEFFCDACFBDFFFDFCEFF@EEFFFEFFHC@CGEDHHDF@HHDHFHHHHHHHHFGH<HHHFHHJHFIHIHFJGJEFJIJFCIJHJIJIHJJIGHGJCI>DJJIAJEJJ=FEJJJJIIGIJJIJJJGGJFGEJA8JJJAJJIJHEIJIGJGJIIGHEJ9G;GI3FIGFIIJJ8G.HIIDJHJIGJGJHJEIJIBI?JJJGJFIJJFC;JJBJJJGJJIIIGJJGJFGJDDJIJGJIH?EJDFDAFIJAIGJFIGJGJEIADH@HGBIIJJJ;JIJGHJ;JIGGDHJIGJEI@?JJGIJ6GJJJJDJIJJIDFIDIGGJHJGGJGIDIJGDJJ>EEHHHGHIIJ?HJFJE@IJJG>GJGIIJJJGIJIFGFJ@HIG?AIJFJJJGJIJIGEGJJHBIGIIGGIJJHIJJJJIHJIHFIHJE;JJHJJDJIHI;@IEDIJ:DEJHCFHFHHHCFHEBF@@:FF:B<FFDF?BEFBF@EFFFF/FEEEBF>EEF<B<FFBFFCDFCFDDFCDDDEIJH;HCICG	~~~~~~~~~~~~~~~~~~$~~~~~~~~~~~~~~~~~~~~~~~~~~~~~~~~~~~~~~~~~~~~~~~~~~~~~~~~~~~~~~~~~~~~~~~~~~~~~~~~~~~~~~~~~~~~~~~~~~~~~~~~~~~~~~~~~~~~~~~~~~~~~~~~~~~~~~~~~~~~~~~~~~~~~~~~~~~~~~~~~~~~~~~~~~~~~~~~~$~~~~~~~~~~~~~~~~~~~~~~~~~~~~~~~~~~~~~~~~~~~~~~~~~~~~~~~~~~~~~~~~~~~~~~~~~~~~~~~~~~~~~~~~~~~~~~~~~~~~~~~~~~~~~~~~~~~~~~~~~~~~~~~~~~~~~~~~~~~~~~~~~~~~~~~~~~~~~~~~~~~~~~~~~~~~~~~~~~~~~~~~~~~~~~~~~~~~~~~~~~~~~~~~~~~~$~~~~~~~~~~~~~~~~~~~~~~~~~~~~~~~~~~~~~~~~~~~~~~~~~~~~~~~~~~~~~~~~~~~~~~~~~~~~~~~~~~~~~~~~~~~~~~~~~~~~~~~~~~~~~~~~~~~~~~~~~~~~~~~~~~~~~~~~~~~~~~~
chr21	44518028	G	552	<><>>>>>>>>>>>>>>>>>>>>>>><>>>><>><<>><><><<<<<<>><<>>><><>><<>>><><<<<><<<<<<<<<<<<<<<><<<<<<<><>><><<<<<<>><<<>><<<<>>>><>>>>><>>><>>>>>><>>>><>>><<<<<>><>><><><<<<><><>>>>>>>>>>>><>>>><>>>>>>>>><>>>>>>>>>>>>>>>>>>>>>><<<><><>><><<<<<<<>>><<<<<><<<<<<><<<<<<><<<>><<<><<<>><>><<<>><><<<<<><><<<<>>>>>>><><>>>>>>>><<>>>>>>>>>>>>><>>>>>>><>>>><>>>>>>>>>>><>>>>>>><<<<<<>><><>>>>>>><>>>>>>>>>>>>>>>><>><><>>>>>>>>>>>><<<<><>>><<<<<>><<<><>>>>><<><<<<<><<<<<<><<<><<<><><<<<<><<><<<<<<<<<<<<<<<><><<<<>><<<<<<<>><<<<<<<<<<<<<<<<><<<<<>><><<><<<<,,,,.A.,,	2D@EEEDDDEECCECDEEDC>EEEECDFCFDFFEFFCDACFBDFFFDFCEFF@EEFFFEFFHC@CGEDHHDF@HHDHFHHHHHHHHFGH<HHHFHHJHFIHIHFJGJEFJIJFCIJHJIJIHJJIGHGJCI>DJJIAJEJJ=FEJJJJIIGIJJIJJJGGJFGEJA8JJJAJJIJHEIJIGJGJIIGHEJ9G;GI3FIGFIIJJ8G.HIIDJHJIGJGJHJEIJIBI?JJJGJFIJJFC;JJBJJJGJJIIIGJJGJFGJDDJIJGJIH?EJDFDAFIJAIGJFIGJGJEIADH@HGBIIJJJ;JIJGHJ;JIGGDHJIGJEI@?JJGIJ6GJJJJDJIJJIDFIDIGGJHJGGJGIDIJGDJJ>EEHHHGHIIJ?HJFJE@IJJG>GJGIIJJJGIJIFGFJ@HIG?AIJFJJJGJIJIGEGJJHBIGIIGGIJJHIJJJJIHJIHFIHJE;JJHJJDJIHI;@IEDIJ:DEJHCFHFHHHCFHEBF@@:FF:B<FFDF?BEFBF@EFFFF/FEEEBF>EEF<B<FFBFFCDFCFDDFCDDDEIGGFGHHF	~~~~~~~~~~~~~~~~~~$~~~~~~~~~~~~~~~~~~~~~~~~~~~~~~~~~~~~~~~~~~~~~~~~~~~~~~~~~~~~~~~~~~~~~~~~~~~~~~~~~~~~~~~~~~~~~~~~~~~~~~~~~~~~~~~~~~~~~~~~~~~~~~~~~~~~~~~~~~~~~~~~~~~~~~~~~~~~~~~~~~~~~~~~~~~~~~~~~$~~~~~~~~~~~~~~~~~~~~~~~~~~~~~~~~~~~~~~~~~~~~~~~~~~~~~~~~~~~~~~~~~~~~~~~~~~~~~~~~~~~~~~~~~~~~~~~~~~~~~~~~~~~~~~~~~~~~~~~~~~~~~~~~~~~~~~~~~~~~~~~~~~~~~~~~~~~~~~~~~~~~~~~~~~~~~~~~~~~~~~~~~~~~~~~~~~~~~~~~~~~~~~~~~~~~$~~~~~~~~~~~~~~~~~~~~~~~~~~~~~~~~~~~~~~~~~~~~~~~~~~~~~~~~~~~~~~~~~~~~~~~~~~~~~~~~~~~~~~~~~~~~~~~~~~~~~~~~~~~~~~~~~~~~~~~~~~~~~~~~~~~~~~~~~~~~~~
chr21	44518691	C	550	<><>>>>>>>>>>>>>>>>>>>>>>><>>>><>><<>><><><<<<<<>><<>>><><>><<>>><><<<<><<<<<<<<<<<<<<<><<<<<<<><>><><<<<<<>><<<>><<<<>>>><>>>>><>>><>>>>>><>>>><>>><<<<<>><>><><><<<<><><>>>>>>>>>>>><>>>><>>>>>>>>><>>>>>>>>>>>>>>>>>>>>>><<<><><>><><<<<<<<>>><<<<<><<<<<<><<<<<<><<<>><<<><<<>><>><<<>><><<<<<><><<<<>>>>>>><><>>>>>>>><<>>>>>>>>>>>>><>>>>>>><>>>><>>>>>>>>>>><>>>>>>><<<<<<>><><>>>>>>><>>>>>>>>>>>>>>>><>><><>>>>>>>>>>>><<<<><>>><<<<<>><<<><>>>>><<><<<<<><<<<<<><<<><<<><><<<<<><<><<<<<<<<<<<<<<<><><<<<>><<<<<<<>><<<<<<<<<<<<<<<<><<<<<>><><<><<<<g.GgGG.	2D@EEEDDDEECCECDEEDC>EEEECDFCFDFFEFFCDACFBDFFFDFCEFF@EEFFFEFFHC@CGEDHHDF@HHDHFHHHHHHHHFGH<HHHFHHJHFIHIHFJGJEFJIJFCIJHJIJIHJJIGHGJCI>DJJIAJEJJ=FEJJJJIIGIJJIJJJGGJFGEJA8JJJAJJIJHEIJIGJGJIIGHEJ9G;GI3FIGFIIJJ8G.HIIDJHJIGJGJHJEIJIBI?JJJGJFIJJFC;JJBJJJGJJIIIGJJGJFGJDDJIJGJIH?EJDFDAFIJAIGJFIGJGJEIADH@HGBIIJJJ;JIJGHJ;JIGGDHJIGJEI@?JJGIJ6GJJJJDJIJJIDFIDIGGJHJGGJGIDIJGDJJ>EEHHHGHIIJ?HJFJE@IJJG>GJGIIJJJGIJIFGFJ@HIG?AIJFJJJGJIJIGEGJJHBIGIIGGIJJHIJJJJIHJIHFIHJE;JJHJJDJIHI;@IEDIJ:DEJHCFHFHHHCFHEBF@@:FF:B<FFDF?BEFBF@EFFFF/FEEEBF>EEF<B<FFBFFCDFCFDDFCDDDFFGHHH@	~~~~~~~~~~~~~~~~~~$~~~~~~~~~~~~~~~~~~~~~~~~~~~~~~~~~~~~~~~~~~~~~~~~~~~~~~~~~~~~~~~~~~~~~~~~~~~~~~~~~~~~~~~~~~~~~~~~~~~~~~~~~~~~~~~~~~~~~~~~~~~~~~~~~~~~~~~~~~~~~~~~~~~~~~~~~~~~~~~~~~~~~~~~~~~~~~~~~$~~~~~~~~~~~~~~~~~~~~~~~~~~~~~~~~~~~~~~~~~~~~~~~~~~~~~~~~~~~~~~~~~~~~~~~~~~~~~~~~~~~~~~~~~~~~~~~~~~~~~~~~~~~~~~~~~~~~~~~~~~~~~~~~~~~~~~~~~~~~~~~~~~~~~~~~~~~~~~~~~~~~~~~~~~~~~~~~~~~~~~~~~~~~~~~~~~~~~~~~~~~~~~~~~~~~$~~~~~~~~~~~~~~~~~~~~~~~~~~~~~~~~~~~~~~~~~~~~~~~~~~~~~~~~~~~~~~~~~~~~~~~~~~~~~~~~~~~~~~~~~~~~~~~~~~~~~~~~~~~~~~~~~~~~~~~~~~~~~~~~~~~~~~~~~~~~
chr21	44846016	C	8	.Tt.T...	CDHACDEH	~~~~~~~~
chr21	45078035	C	1	.	C	~
chr21	45106529	T	48	>>><>>>>>>>>><><<<<><><><>><<>>>>>>><<>><<<<><<<	EEEF>FGJJJJJIJIJJIDIJJJJJICFJJJJFIJJIHJJGJIJFIJJ	~~~~~~~~~~~~~~~~~~~~~~~~~~~~~~~~~~~~~~~~~~~~~~~~
chr21	45175958	T	91	,c.Cc.c,c,c,cc,c.c,c,,,,,Cc.CcC,cccc,ccCC,c,,.c.c$,Cc,c,,c,,,,.CcCc,c,,,,,,cccc..CC,,,,c.c,,	@Bg>FDFBFDFDFFFFcHHHHHHDHBHDDJcJJJJHGJHDDIHIJECG?IFCHFHDHEDDEG@GI?DBDDDD=?DDBDAiDDDD8;DC;9D	~~~~~~~~~~~~~~~~~~~~~~~~~~~~~~~~~~~~~~~~~~~~~~~~~~~~~~~~~~~~~~~~~~~~~~~~~~~~~~~~~~~~~~~~~~~
chr21	45385907	A	110	>>>>>><><>>><>><<>><>><>>>>>>>><>>>>><>><<<<<>>>>>><<<<<<<>><<<>>>>>>>><><>>>><<<><>><>><<><><<<><<>>><,g,g,,.	@JD@FGIG;DDCFCDHGC?HCCJEED;CAECDF>FF;IHCIJEIJGGJGJFDJHJH@9DIFGIJGJGIJIIGIG3JJJJJHIJJFGJEE3HBHDGEFHIDJJI?FHJJDF	~~~~~~~~~~~~~~~~~~~~~~~~~~~~~~~~~~~~~~~~~~~~~~~~~~~~~~~~~~~~~~~~~~~~~~~~~~~~~~~~~~~~~~~~~~~~~~~~~~~~~~~~~~~~~~
chr21	45386033	A	107	>>>>>><><>>><>><<>><>><>>>>>>>><>>>>><>><<<<<>>>>>><<<<<<<>><<<>>>>>>>><><>>>><<<><>><>><<><><<<><<>>><gg..	@JD@FGIG;DDCFCDHGC?HCCJEED;CAECDF>FF;IHCIJEIJGGJGJFDJHJH@9DIFGIJGJGIJIIGIG3JJJJJHIJJFGJEE3HBHDGEFHIDJJIJJ<H	~~~~~~~~~~~~~~~~~~~~~~~~~~~~~~~~~~~~~~~~~~~~~~~~~~~~~~~~~~~~~~~~~~~~~~~~~~~~~~~~~~~~~~~~~~~~~~~~~~~~~~~~~~~
chr21	45386559	T	111	>>>>>><><>>><>><<>><>><>>>>>>>><>>>>><>><<<<<>>>>>><<<<<<<>><<<>>>>>>>><><>>>><<<><>><>><<><><<<><<>>><.c,c.CcC	@JD@FGIG;DDCFCDHGC?HCCJEED;CAECDF>FF;IHCIJEIJGGJGJFDJHJH@9DIFGIJGJGIJIIGIG3JJJJJHIJJFGJEE3HBHDGEFHIDJJI?FGEJJC?	~~~~~~~~~~~~~~~~~~~~~~~~~~~~~~~~~~~~~~~~~~~~~~~~~~~~~~~~~~~~~~~~~~~~~~~~~~~~~~~~~~~~~~~~~~~~~~~~~~~~~~~~~~~~~~~
chr21	45387008	T	109	>>>>>><><>>><>><<>><>><>>>>>>>><>>>>><>><<<<<>>>>>><<<<<<<>><<<>>>>>>>><><>>>><<<><>><>><<><><<<><<>>><.,,CCC	@JD@FGIG;DDCFCDHGC?HCCJEED;CAECDF>FF;IHCIJEIJGGJGJFDJHJH@9DIFGIJGJGIJIIGIG3JJJJJHIJJFGJEE3HBHDGEFHIDJJI3HFAEH	~~~~~~~~~~~~~~~~~~~~~~~~~~~~~~~~~~~~~~~~~~~~~~~~~~~~~~~~~~~~~~~~~~~~~~~~~~~~~~~~~~~~~~~~~~~~~~~~~~~~~~~~~~~~~
chr21	45387109	A	108	>>>>>><><>>><>><<>><>><>>>>>>>><>>>>><>><<<<<>>>>>><<<<<<<>><<<>>>>>>>><><>>>><<<><>><>><<><><<<><<>>><GG,g,	@JD@FGIG;DDCFCDHGC?HCCJEED;CAECDF>FF;IHCIJEIJGGJGJFDJHJH@9DIFGIJGJGIJIIGIG3JJJJJHIJJFGJEE3HBHDGEFHIDJJIDDFE>	~~~~~~~~~~~~~~~~~~~~~~~~~~~~~~~~~~~~~~~~~~~~~~~~~~~~~~~~~~~~~~~~~~~~~~~~~~~~~~~~~~~~~~~~~~~~~~~~~~~~~~~~~~~~
chr21	45643396	G	59	>>,$CCc,Cc,,,c,ccc,,,.cc,,,c,,.,cCCCC.,,c,C,,cc,..cc,.,,.c,^~,	JI?CAD?EFFHHDGJGHICGIGJFIHIGDI8IIIEIHGHCIIEBFCGHHJJ9HFFFCEC	~~~~~~~~~~~~~~~~~~~~~~~~~~~~~~~~~~~~~~~~~~~~~~~~~~~~~~~~~~~
chr21	45646010	G	25	>t$,t.t,tt.t.T,tTt,,.,TT..	J@FFFIJIJIG?JICJCC9FDFFDF	~~~~~~~~~~~~~~~~~~~~~~~~~
chr21	45646131	c	27	>,Tt.,TT..,T.TT,t,,tT..T.t.	J@CDAE@@AGEFDGFIIIGGIIGHDBF	~~~~~~~~~~~~~~~~~~~~~~~~~~~
chr21	45646256	C	26	>a$.$a,aaAa.a,A,.AAAaAA,a,a,	JCADHGG=JJI?FIBGDJIHHFF9@C	~~~~~~~~~~~~~~~~~~~~~~~~~~
chr21	45647202	C	30	>T.TtTTTTtttt,,TtT,,TTt,TTttt,	JCDgAC@C>CIFCD?@DJDBJG??JIDDC<	~~~~~~~~~~~~~~~~~~~~~~~~~~~~~~
chr21	45647646	C	40	>T,.,T,.TttT,t,tTT,,t,t..Tttt,.,.ttTtt,^~,	JDFFHH?JJEIGI>JIGJJA@IHAIJGIIIJGIFDH:=DD	~~~~~~~~~~~~~~~~~~~~~~~~~~~~~~~~~~~~~~~~
chr21	45647834	G	10	>A,$A,...,,	JD?@JIDH;C	~~~~~~~~~~
chr21	45648488	G	39	>.,.CccCC.c..C,,...C,,c,C....CcC,C.C,C^~.	JDFC^DEDFEJGCF?H9IHJJEHAJIGHJ;DAFF8FD@@	~~~~~~~~~~~~~~~~~~~~~~~~~~~~~~~~~~~~~~~
chr21	45656774	C	35	>...,.,.......>....<.,..,,,,,,.....	JDDDHCHCDCEEEFJHHH@BJHJJDIGI@;GFFF?	~~~~~~~~~~~~~~~~~~~~~~~~~~~~~~~~~~~
chr21	45741359	T	218	><<>>>>>>>>>>>>>>>>><<<<><>>>><>>>><<>>>>>>>>>>><<<>>>><<>>>>><<<<<<<<<><><<<<<<<<<<<<<<<<<<<><><<>><>>><<<><><<<<<<<<<<<<<><<<<<<<<<<<<<<<<<<<<>>><><>><<>>><>>>>><>><>>>>>>>><<><><<<<<<>>>><>><<>><<><>>>>>>>><><<<<<<.	DDFA@@>ACC>CCA@CC@5AFHHHCJE;@AI6A;AJJC@;C;F@FFE;IJGCAF;BI@C@DIEIJI?HJIJ@IFHEIJJ>JGGDIJEIIHHJIHFHC@=HHFCFJGI=IF;<CICJIC@GI7F8GG@GFAIF;GHHE@DFFFFFH/GBD;B?D4EH8CBJCIG@IHCGHHEIFCID>HD?4B<A9.J<FDC2DC:FF<DBDFFDFEDFBCFDDDCDD?	~"~~~~~~~~~~~~~~~~~~~~~~~~~~~~~~~~~~~~~~~~~~~~~~~~~~~~~~~~~~~~~~~~~~~~~~~~~~~~~~~~~~~~~~~~~~~~~~~~~~~~~~~~~~~~~~~~~~~~~~~~~~~~~~~~~~~~~~~~~~~~~~~~~~~~~~~~~~~~~~~~~~~~~~~~~~~~~~~~~~~~~~~~~~~~~~~~~~~~~~~~~~~~~~~~~~~~~~~~
chr21	45749141	T	8	<<c,,,C,	DFFIAIFJ	"~~~~~~~
chr21	46189094	C	66	>.T.....TT.TtT.tt,tTT,..t.t,,TT.tT..TT...T..T..TT.T.TT...T....TT^~.^~.	FDjHCGIJJJcJIl;CCHFJHBJIEJ@@?GJHCHHFBHHCHFFFFDDFFEFFFFFDFDDFCC@CC@	~~~~~~~~~~~~~~~~~~~~~~~~~~~~~~~~~~~~~~~~~~~~~~~~~~~~~~~~~~~~~~~~~~
chr21	46189230	A	141	>t.TT..TTTTtt,t,tT.,t,,,ttTTTT.tttt,t,,t,.,,,tt,t,Tt,t,t,t.t,t.ttT,TT,tT,tT..TTT.TTT.tT...TT,.,TTtt,TtT,tt,,.t..,..tt,TTTT.,tTt..,,.tT.Tt,t,T	FDlJGJJDJIGJFJJJJJIJHJJEIIJJJJIIJJJGFIIGJJJJBGJJ>IBIJJA=@CE@EJE=GJGFCC9JFCIJJIGJJHJJJ7EJIJEJFJFIJCGGJJAHJGHHIHGI=IJHCHJHJDDDCGEHDADH;HHFCDDC@	~~~~~~~~~~~~~~~~~~~~~~~~~~~~~~~~~~~~~~~~~~~~~~~~~~~~~~~~~~~~~~~~~~~~~~~~~~~~~~~~~~~~~~~~~~~~~~~~~~~~~~~~~~~~~~~~~~~~~~~~~~~~~~~~~~~~~~~~~~~~~
chr21	46189358	t	71	>c,cc,,c,cc,C,,,cc,,cc,ccc,c.,cc,,,,,,cc,Cccc,,.c,c,,c.CC,,c,c,c,c,cC,c	F@GFCFGH@EII3JJJJJFG?HJGJJIJ?GHGHJ@GEECJIDIEEC@HFFFFFFFJJDDDD9CBD?DDFDD	~~~~~~~~~~~~~~~~~~~~~~~~~~~~~~~~~~~~~~~~~~~~~~~~~~~~~~~~~~~~~~~~~~~~~~~
chr21	46189651	A	120	>.C.Cc,.C.CCC,.....C.....c.,.C..c.c,,cc,,cc....CcCC,cCC..C..c.,C..C.cCC.ccCCcC,CC.C.Ccc,c,.ccc.,,C.,cCCcccC,,C.,,.,,,C^~c^~C	FH=HEFHJHJJJJHJJAJJJGJJgGJBGIHJBHGGHJJJIJGDHHIBJIIIDIG?IGJIIHDI;JIJHJIJIJJGJHJIGIHHIJJHIIGJIAI9FIH?JIHHHEHFHEFFHB@FF;CF@	~~~~~~~~~~~~~~~~~~~~~~~~~~~~~~~~~~~~~~~~~~~~~~~~~~~~~~~~~~~~~~~~~~~~~~~~~~~~~~~~~~~~~~~~~~~~~~~~~~~~~~~~~~~~~~~~~~~~~~~~
chr21	46189652	G	121	>.A.Aa,.A.AAA,.....A.....a.,.A..a.a,,aa,,aa....AaAA,aAA..A..a.,A..A.aAA.aaAAaA,AA.A.Aaa,a,.aaa.,,A.,aAAaaaA,,A.,,.,,,AaA^~A	FHBHEFHJIIGJJHJJFGJI@JJoGJFJGGJ@AIGGIJJHJI:HHIFII=JDIIBJGGIJHHIDJIJIJIJJJJIJGJJCIBIIEHAHH@JI5IAJIHBJGHHH6HFHEFFHH@HFHCF@D	~~~~~~~~~~~~~~~~~~~~~~~~~~~~~~~~~~~~~~~~~~~~~~~~~~~~~~~~~~~~~~~~~~~~~~~~~~~~~~~~~~~~~~~~~~~~~~~~~~~~~~~~~~~~~~~~~~~~~~~~~
chr21	46190182	A	101	>t$,,,,TTt.T.t,,tt,T...T.TT..TTT..T..,,,,,tT.,,tt.t....,T..t.TT.tt.,,,,..,TT,,ttt,tttttt,t,,t,,,ttt,,^~,	F@DFFFmDDBD=FDFFFF@B@DjDECDBb@EDDEDAIIJIGHHBIIEJFGHGGGGIF<GGHJIIGJJGJDJ:JIIIIDJJCGJFJIGHFJIIJEJGGAHIH	~~~~~~~~~~~~~~~~~~~~~~~~~~~~~~~~~~~~~~~~~~~~~~~~~~~~~~~~~~~~~~~~~~~~~~~~~~~~~~~~~~~~~~~~~~~~~~~~~~~~~
chr21	46190410	g	65	>a,,a,,,a,,a,,,aaaaaaaa,,,,,AAa..A,A,aAaa.A,..,a,A,AA,a,,,a,,,.^~.^~.	FBFFDIEJE@JDGGHGF?GBFHGHG@IID@0EAI=B;7J;>CHCJGC;>AADDC@A@C@C5@C@C	~~~~~~~~~~~~~~~~~~~~~~~~~~~~~~~~~~~~~~~~~~~~~~~~~~~~~~~~~~~~~~~~~
chr21	46190842	A	100	>..G..G....GG..Gg...GG.GG....G..G.g,...G.g,Gg,,g,,,g.,G,g,g,,..Gg.,,gg,,gg.Ggg,GgG,gg.GgggG.g,.,GGG.	FFD=F<DHBHHHHCH1DAHIICHJIGHIGHBGBGEJJGFCEFIJJGJGGJJHGIHGIIJFIIEBIIJJJJIJHGIH@JEJHJFF6JHBDDFED@GDH8FF	~~~~~~~~~~~~~~~~~~~~~~~~~~~~~~~~~~~~~~~~~~~~~~~~~~~~~~~~~~~~~~~~~~~~~~~~~~~~~~~~~~~~~~~~~~~~~~~~~~~~
chr21	46191174	A	103	>,$gg,g,g,.gg,Ggg,g,$,,G,g$gcg....,g$G.,,GG..Gg$gg,gGg,ggg,g,ggg,G,ggg,,,,.Gggg,gg,,,,ggg,g,,ggG,ggg.GGGG^~,^~g^~G	FCCFGHGHJkJJJDIIJG@CJ<9?HFJE;G@9@ACA1DI@EG?HJIGBBJGGJIGIIGIIBGIAIG?GF8JGJGEEIBIJBJIJ@JG8GIHJ;JEGC@8BC?B	~~~~~~~~~~~~~~~~~~~~~~~~~~~~~~~~~~~~~~~~~~~~~~~~~~~~~~~~~~~~~~~~~~~~~~~~~~~~~~~~~~~~~~~~~~~~~~~~~~~~~~~
chr21	46191256	C	114	>A$,$,$.,.,aaaA,a,.Aaa,,aa,.aa,a.A.A.AA,A,,,..a.A.aA.a,.A,,..,.aAa,,aA.,a,.A.AAA.aaa,AA,..aAa.....,aAA...Aaa.,aAaA,^~A^~.	FCCCDCDFFFFCFFFCCHHDHDHF?FIEJDDDDCDDDCGB=DEIEEC?EDJJBDI@@GGJGAC9CGEICF?IJB?I@BDICDB@;J2EJDJJJJEDDHHDGFGDDFDD@BCBB?	~~~~~~~~~~~~~~~~~~~~~~~~~~~~~~~~~~~~~~~~~~~~~~~~~~~~~~~~~~~~~~~~~~~~~~~~~~~~~~~~~~~~~~~~~~~~~~~~~~~~~~~~~~~~~~~~~~
chr21	46191270	C	107	>.$.$.$T$T$T$,,,..t.TtT.t,.,,..,.tTt,,tT.,t,..TTT.ttt,TT,..tTt.....,tTT...Ttt.,tTtT,T.TTT,T,.TTT,t,tTt...T..^~T^~.^~T^~.^~T	FfCCDAA@DDDDDA8FBCJJCJC@D@CI9?HJJA;IJD9;D@6;DDEJF?GI<?BCBEJGEFB;I>FBHJGIHH?=GFGIHHFEHBFHHHFFDDFA;C@BCC@B?@@	~~~~~~~~~~~~~~~~~~~~~~~~~~~~~~~~~~~~~~~~~~~~~~~~~~~~~~~~~~~~~~~~~~~~~~~~~~~~~~~~~~~~~~~~~~~~~~~~~~~~~~~~~~~
chr21	46194281	A	101	><>>>>><>><<<<><>>><>>>>>>>><<<>>>><><>>>>>>>><<<<<><<><>>>>>><<><>><><>>><<<<<><<<,tTtt,ttttTtTtTt.t	FFED@D>ADDHIJJ;EEH3GHEEEEH@EIIJ77IIGJJGJID?GIJJI1:1IFHJGJHJGJEDJJII<IJ;GJJJCIECF1GHII?<EJIHAGJIIIHHHJ	~~~~~~~~~~~~~~~~~~~~~~~~~~~~~~~~~~~~~~~~~~~~~~~~~~~~~~~~~~~~~~~~~~~~~~~~~~~~~~~~~~~~~~~~~~~~~~~~~~~~~
chr21	46195243	A	106	><>>>>><>><<<<><>>><>>>>>>>><<<>>>><><>>>>>>>><<<<<><<><>>>>>><<><>><><>>><<<<<><<<g$GG,GG.,,gg,..G..G,..^~g^~G	FFED@D>ADDHIJJ;EEH3GHEEEEH@EIIJ77IIGJJGJID?GIJJI1:1IFHJGJHJGJEDJJII<IJ;GJJJCIECF1GH@HHFJGIIIGIGFJIGJEJFHF@	~~~~~~~~~~~~~~~~~~~~~~~~~~~~~~~~~~~~~~~~~~~~~~~~~~~~~~~~~~~~~~~~~~~~~~~~~~~~~~~~~~~~~~~~~~~~~~~~~~~~~~~~~~
chr21	46306138	G	241	,$,,,$,,,$,$...,,,..,,.,,,,,,.,....,.,....,.....,.,..,..............,,..,..,.........,,,.,,..,.,,...,,.,......,.,..,,,,,,,,...,.,.....................................,,,.,,,,.,..,,,,,.,............,.....,...,,.,,.,,...,,,,,,.......,.........^~.^~,^~.^~.	CC@BCCB?;DPFDF@B@GDHDHHHHDH@@DBHDHB7BDIBBD7;GBI@BHBB;B8BDBD3DB;BFI@B?D8J@?=@D?D;DFII<GC@DJ?JGAADEGBJCDCD><HBHD>DGDJIFDFEJE;IDIAHAIG6J0G@@@@JFHJFIIHJHGAHAI:AEFIHIGJIJG@HFJAJJGGJHICIBGAJJIFEJH8HIJGH6EJG@GF9CD=GDJ>FAFHHHHFHFFFDDCBFCCC@@CCCCDC@B	~~~~~~~~~~~~~~~~~~~~~~~~~~~~~~~~~~~~~~~~~~~~~~~~~~~~~~~~~~~~~~~~~~~~~~~~~~~~~~~~~~~~~~~~~~~~~~~~~~~~~~~~~~~~~~~~~~~~~~~~~~~~~~~~~~~~~~~~~~~~~~~~~~~~~~~~~~~~~~~~~~~~~~~~~~~~~~~~~~~~~~~~~~~~~~~~~~~~~~~~~~~~~~~~~~~~~~~~~~~~~~~~~~~~~~~~~~~~~~~~~
chr21	46313442	G	241	>T$T$.$TTT...TT.TTtt.tt,T.t,ttt,t,t.,Tt,t,t,t.t.T.tttTT,.,.TT.,Tt.tt..,,.,,tTTTT.Tt,.t,ttTT.t,,Tt,t,,,,ttt,ttT..Tt,T.,tt,,.,t,,T,T.TT,tt,,TT....T..TT.TT.T.TTT,tTT.TT.TT..T,.Tt,,,,ttttTttt.TTTt.,T.T,.....tTTt,,t,t,t,,T.tt,,,t,T..,,t.tt,,,,t,,^~,^~.^~,	ICD?CCPDD8CDDDD4BBD=FDDBFAFHAFDFBCAADBCCFGDCBDDF?HCC<DGADCDJDFFFF?DGH?GHCCCAECDCIBGFAF>3FB@FEAAAEHHFGAFCEIHHFAAIHHGBDFHDACGEIFEJHJG:HFGIHJDGJIFIIDBII;IJBJIH?IIJIHJGJJIJ9JIDDDHGDHFDJFD?IABGEJBJJJ;IIJGEBHHFGHFF=FFG=FHC=H5GF.DF2IEEA8BEAE7BEHHCH	~~~~~~~~~~~~~~~~~~~~~~~~~~~~~~~~~~~~~~~~~~~~~~~~~~~~~~~~~~~~~~~~~~~~~~~~~~~~~~~~~~~~~~~~~~~~~~~~~~~~~~~~~~~~~~~~~~~~~~~~~~~~~~~~~~~~~~~~~~~~~~~~~~~~~~~~~~~~~~~~~~~~~~~~~~~~~~~~~~~~~~~~~~~~~~~~~~~~~~~~~~~~~~~~~~~~~~~~~~~~~~~~~~~~~~~~~~~~~~~~~
chr21	46352939	G	1	>	J	~
chr21	46353062	G	1	>	J	~
chr21	46353125	C	7	>G...G.	J;GFFFC	~~~~~~~
chr21	46353312	A	27	>,gg.G,,.gggG.GgGGG,G,gg,g^~G	J@FD@9IH=GJJFEFJHH>HG@EDF.C	~~~~~~~~~~~~~~~~~~~~~~~~~~~
chr21	46353637	T	19	>CCC,cCCc,.CCc,C,c,	J?DDJJDIJGGEDADIDDB	~~~~~~~~~~~~~~~~~~~
chr21	46353678	G	21	>a,.AAa,A,a,aA,a.,aA^~a	JB@gBDGJDHJEGJHFFB4BB	~~~~~~~~~~~~~~~~~~~~~
chr21	46353743	T	17	>c,C.,cc,,.,,C.,.	JBFDCFHGHGIJJBGJG	~~~~~~~~~~~~~~~~~
chr21	46353949	c	13	>,,g,g,,G,Gg^~,	JFHJIJ8HHHICC	~~~~~~~~~~~~~
chr21	46354055	A	21	>.gG..GGG,G,gGG.gG...	JDHDFEDFAFFD9C@J0BHF?	~~~~~~~~~~~~~~~~~~~~~
chr21	46355710	A	21	>,$,$,,,.g,,.GgG.G,g,GG	J@CFDBFDFHIBG@II@BDHH	~~~~~~~~~~~~~~~~~~~~~
chr21	46393090	C	82	>>>><><>>><>>><<<<<<><<<<><<<>><><>>><><>><<<<<<<<<>>><<>>><><<>><<><<<<><>>>>>>>T	5>D5F@F>;;F@<;JJGCJJDJIJI5IFAB?F?IB?DH8GHHGIB@8E;<>JJJ=DIH66JCDIJCAHDA@CFDHFDF8FFI	~~~~~~~~~~~~~~~~~~~~~~~~~~~~~~~~~~~~~~~~~~~~~~~~~~~~~~~~~~~~~~~~~~~~~~~~~~~~~~$$~~
chr21	46915042	A	1	<	I	~
chr21	46926054	T	3	><.	FGD	~~~
chr21	46926297	C	4	><,.	FGEC	~~~~
chr21	46926684	a	2	><	FG	~~
chr21	46926699	c	2	><	FG	~~
chr21	46926703	g	2	><	FG	~~
chr21	46927013	C	3	><.	FGJ	~~~
chr21	46927094	C	2	><	FG	~~
chr21	46929467	G	1	A	G	~
chr21	46932328	G	3	a,A	IJJ	~~~
chr21	47608580	G	5	aA,,,	J<DJI	~~~~~
chr21	47608877	C	2	<<	HA	~~
chr21	47609510	T	140	<<.C$,..,c,cC$ccc,..C.C,c,C,.,C.CCccC.,CCc,C.CCC.....c.,.C.,.C.,c,,,,c,,CCC.c,,C$cC,,c,c,,.,c.C,.cc....c,cccc.c,cc,,,ccc,.,,,cc,C,,ccc,,cc^~c^~C^~,^~c^~C	HAD?@bC@C<CCFFFFCCDDDHHGDHDFDDDDJEDCJEEB?DCFFFgH>HHJFIIHIJGI@IIGIIIIIIIJDIJGE@EIBJ?>6JHDGHJJ?3GHGJJIFJIIJ@JIIGIJICHJDHHCDCFF;AF@DBDEADCDCDD?	~~~~~~~~~~~~~~~~~~~~~~~~~~~~~~~~~~~~~~~~~~~~~~~~~~~~~~~~~~~~~~~~~~~~~~~~~~~~~~~~~~~~~~~~~~~~~~~~~~~~~~~~~~~~~~~~~~~~~~~~~~~~~~~~~~~~~~~~~~~~
chr21	47609677	A	156	<<.$G$G$gG,,,G,,ggG.,.GggG.Gg.G,GGGg,G.,G,Gg,g,GG...g...,GgG,.gg,g,g,.,G,g.gGgGGGGGGGG...,,gggGg,,gg,,.,g,.,.G.ggG.GGGg..G.G.G.GG....,gG,g,,.GgGGGGGG..GGG^~.^~g^~.^~G^~,	HACD@CD<FFCF<;DDCHCDHJD3DJD@GDCDJJC:HDJAGIGGACDCDJDACCCAEJEIJJCJJGE9@JIGFCG?JD4DJIFBJHIJIIJIJEJIJIJIIHJJJGIJEIGGIJJDHJJJHFHDFHHGAGHH4FF;FHHFHHADFFFDFD@?D@?E	~~~~~~~~~~~~~~~~~~~~~~~~~~~~~~~~~~~~~~~~~~~~~~~~~~~~~~~~~~~~~~~~~~~~~~~~~~~~~~~~~~~~~~~~~~~~~~~~~~~~~~~~~~~~~~~~~~~~~~~~~~~~~~~~~~~~~~~~~~~~~~~~~~~~~~~~~~~~
chr21	47610066	T	82	<<c$.$Cc,ccc,,,,,,,,,c,,,ccc..c.C,,c,,,.,.,.c,c..ccc.c.c,C,,,c,c,c,cCC.c.Cc,C.C,C,C.	HA?bDFFFF@FFFHDHBGDGFHHAJJC=@3HJAFGIFEIFI8GJHBB?AFFED@?BCDDB9AC?C@E;GB<I;D=BFCFCDB	~~~~~~~~~~~~~~~~~~~~~~~~~~~~~~~~~~~~~~~~~~~~~~~~~~~~~~~~~~~~~~~~~~~~~~~~~~~~~~~~~~
chr21	47614469	A	82	,$C$,,,,c.,,c,cc.c.,c,,,cccCcc,,cCc.CcC...c,.,c.c,.c,Cc,c.C.cCC.C.CCCCC.Cc..cC,CCCc.	@C@@EFGHH:EGJIDEJJIHJEJIEJEGJIJ9GEBDGJIGGDHDDGDAJCC>ADGJJJ9JHHJIJCDJEIJAIHDHCDFFDF	~~~~~~~~~~~~~~~~~~~~~~~~~~~~~~~~~~~~~~~~~~~~~~~~~~~~~~~~~~~~~~~~~~~~~~~~~~~~~~~~~~
chr21	47635627	C	78	.$gGG.g,,.G,,gggggg,,,,..G.G..GG.,GGGG.GGGg,G.g,gG.,g..,g,g.,g,G,ggg..GG..,G..^~.	C@CC@CFFDCHHEJJIHJIIIGFFF@BDAHHHGJIIJ.IJJDBJJDD@F@GFACAJDDJDDBH@DDDHHH3A>;FD;C	~~~~~~~~~~~~~~~~~~~~~~~~~~~~~~~~~~~~~~~~~~~~~~~~~~~~~~~~~~~~~~~~~~~~~~~~~~~~~~
chr21	47676711	G	75	<aa,,a,A.,aAA,.a.aA,,aAA.A..a..Aaaa,,aAa..a.A,.A.,...a.A..AAA,,AAAA,AAA.AAA	H<@CCCDE@FDHHH=HC?GJ:JEJJIJJEJJIIIEGFIJIGG9FJJ@CJIIJJJDJJIJ?IJ7JJIJHGGJHFFF	~~~~~~~~~~~~~~~~~~~~~~~~~~~~~~~~~~~~~~~~~~~~~~~~~~~~~~~~~~~~~~~~~~~~~~~~~~~
chr21	47706297	C	18	A.....A.A..A..A..A	1BFFHJJI>IFFFFF@CD	~~~~~~~~~~~~~~~~~~
chr21	47706535	c	35	>>>>>>>>>>>>>>>>>>><>>>>>>><>>>>aa,	BBDB<DDDFFJJIJJIJ6GH?JJ@HDHJFFFFDDD	~~~~~~~~~~~~~~~~~~~~~~~~~~~~~~~~~~~
chr21	47721228	t	19	><A$,$..A.AA,AA.,,,.^~a	H7B@DEGGGEJCJJHFCDD	~~~~~~~~~~~~~~~~~~~
chr21	47734659	G	12	A..Aaa,a...,	59C@G=DDHHFA	~~~~~~~~~~~~
chr21	47773103	C	16	aa,aa.a...aa,,.^~,	FDJ?IGJHICGIIJ@J	~~~~~~~~~~~~~~~~
chr21	47811272	C	21	T$tt,.T.tt.tTTTt..,T.,	BF:FD@BJG7I7JIAE>DHFD	~~~~~~~~~~~~~~~~~~~~~
chr21	47836651	G	13	>,,aAaaA..,aa	HFFIDHGFJH@=>	~~~~~~~~~~~~~
chr21	47836653	C	12	>tt,.,,.Tt,,	HCFJDJDFIBBD	~~~~~~~~~~~~
chr21	47850484	G	24	>ccccC,,cc.c.Cc.cCCC,CcC	HF@FFAHGIGGGFJIDIIHHEH@C	~~~~~~~~~~~~~~~~~~~~~~~~
chr21	47851753	A	36	>.$..ggg,G,.,,g,,,G,.GGgG..GGgG..,,gg	HCCDHDHJAIFEJFJJHG;IJHBGJ;IEJJJJGJHG	~~~~~~~~~~~~~~~~~~~~~~~~~~~~~~~~~~~~
chr21	47863757	A	41	>c,,,>>cc,C.<.CCc,<,Ccc.C...ccC.,.C.C.c..	2FFDDFIFFI5BJ?DBD>IC:D8FFGHICAJF@IJGFFABF	~~~~~~~~~~~~~~~~~~~~~~~~~~~~~~~~~~~~~~~~~
