chr20	278515	T	2	.C	7G	~~
chr20	278806	C	57	..t.,t,TtT....,,tt.TT,...TTt,.,,t..T..TT..T...T,tT.T,.,T.	D@FBHJIDID>DDCJJJJE=G4GJFG?HEJHHFGH=@BHIIAIJIJGDDHFFBDDDF	~~~~~~~~~~~~~~~~~~~~~~~~~~~~~~~~~~~~~~~~~~~~~~~~~~~~~~~~~
chr20	279483	t	77	C$cCc..c.c.C.C,,,,,cc,.....Cc..,..,.C,,c,c,.....cCc,.CC.C.CcccC.cC.,,,.,.ccc,^~C	D1DFDD@DH>DDDDGEJJDEIFIHCGFIIBFJIIGG<FGIHEJGJJJD<DBJJHJJJGDDDHHBHHB??D;A@DDDC	~~~~~~~~~~~~~~~~~~~~~~~~~~~~~~~~~~~~~~~~~~~~~~~~~~~~~~~~~~~~~~~~~~~~~~~~~~~~~
chr20	279774	A	28	,,,C,.c..C.CC,.cC.C.C.C.C..^~C	HFGHGEEIGJBJJ?H@DHHFFDFFD?FC	~~~~~~~~~~~~~~~~~~~~~~~~~~~~
chr20	361307	c	2	>.	BJ	$~
chr20	371972	T	48	>g$,,c,..c,cc,cC...,,CcCc.CC..CCCCCcCC.CCc..C.Cc^~.	BCDDFG?>HFIFH4CGJHBDDDIDIHJJIJHGDIBJJJJJDIDBHFDC	$~~~~~~~~~~~~~~~~~~~~~~~~~~~~~~~~~~~~~~~~~~~~~~~
chr20	377226	C	61	>.T,,t.,t.t,t,TTtTt,,,T.,tT.,.tTT.,,t.,TTTT.,t.,Tt,,,,.,,,t,^~.	BDDDFDAFBgGHDHE@FEFHFJEHHJHHJIFGCIDJ>GIJ=FGJJ@HDJ;DDDBDDDDCD@	$~~~~~~~~~~~~~~~~~~~~~~~~~~~~~~~~~~~~~~~~~~~~~~~~~~~~~~~~~~~~
chr20	377810	C	109	>TT.,,...TT..,t.tTtT.TT...Tt,,,,t,,t,T,t.T,t,,,,,,tt,....,,,,,,,.ttt,,tTt,,t.,.TTT....T.,TtT.tt.T.tttt,t....^~.	BHHHDFAEJGHmDHHHIkJJHCJJJJJAJ@HCFEAIFJGIGJJIIFJIJIJJJI?GJI7HFHBIJJGIGIIJJ;:HJJI?JJJHJJJFHHGFIEHHHH>@CEDDFFF@C	$~~~~~~~~~~~~~~~~~~~~~~~~~~~~~~~~~~~~~~~~~~~~~~~~~~~~~~~~~~~~~~~~~~~~~~~~~~~~~~~~~~~~~~~~~~~~~~~~~~~~~~~~~~~~
chr20	416149	a	1	>	H	~
chr20	417612	t	19	>C,C..cc,,C.C.C,,cc	JFJH@HJJJH9GHHJC7FD	~~~~~~~~~~~~~~~~~~~
chr20	418199	T	31	,,,.aAaaA,,a,,a,.Aa,AA.a.,,AA,A	ADBBAEFJAJFFJF@EAJCCJJ?EIF@HDDB	~~~~~~~~~~~~~~~~~~~~~~~~~~~~~~~
chr20	628890	t	23	,C.,ccc,CcCc.,,,,,cc.Cc	@lFDF@JIJJEBHIJH:GGGHFG	~~~~~~~~~~~~~~~~~~~~~~~
chr20	629213	t	10	c.cc.,CCcC	IIJDJEJH<<	~~~~~~~~~~
chr20	1146048	C	169	><<<>>><<>><<>>>>>>>><>,$,$t,..t.Ttt,t,T,,,t.T.t,,,t,,ttt,,.t.,t,,t,tt,,,t,,,ttt,tt,tT.,.Tt,,.T.,,.,t,,t,....,.ttt.,tt,,.t,,,tt,,ttt,.,,tt,T,,,tt,tt,,t,.t,t,t,tttt,t,,ttt^~t	JDFFDDFJHEJG@EJ6JDGHF<DCC@CDAFkAFDFFDDFFDFEdCHFHHHGHCHFHGDHFGHHFIHJJHJ<JGBGEJHIJFEJIFHGrFGCI9FIJHII?IJJIJFJCIBJGEJHIGIJE@GJ<IGJICJIHIJJIFDH;IJJ>JFG>JGFI@JJ;JJJECIGEIFFCB	~~~~~~~~~~~~~~~~~~~~~~~~~~~~~~~~~~~~~~~~~~~~~~~~~~~~~~~~~~~~~~~~~~~~~~~~~~~~~~~~~~~~~~~~~~~~~~~~~~~~~~~~~~~~~~~~~~~~~~~~~~~~~~~~~~~~~~~~~~~~~~~~~~~~~~~~~~~~~~~~~~~~~~~~~
chr20	1316641	c	11	><>><>>><>.	JHJEJHD>JAG	~~~~~~~~~~~
chr20	1350508	A	686	><>>>>><G$.$g$g$.$G$g$,g.GGG.G..GG....GG.G.GGGGGG...GGGGGG.GG..GGG.G.GGgggG,...g.G,.G.G..GG,,g,.GGGgGg,.G$Gg,g.gg,ggG,gg,ggg.ggggGGG..,Gg,.ggggg,gg,,ggggGg,,g.g,,.,GGggggG,,,gg,,.gGg.,,,gG,g,.,,,.g.g.gg,,g,gggG,ggGgg,ggg,,ggg,,g,g,,G,GGG.GG.G..GG.GG...G.,.G.GG,.,gg,g,g,Gg,gGg,ggggGgg,Ggg,,g,gg.,,G.G,GG.,,GG$gG,,G,G.gGgg,g,g,,,,g,gg,GG,,,G,g,,g.,,.g,GggG,ggg,gg,gGg,,gGg,.,.g,..GGGGG.G..g.G,...GGGGG.GG...G,G.G..G.G.G.gG..,.G..GG....G.G.gG.GGG..G.,..GGGGGG.G..G.G.GG.G..GG..GGG.gG..GGGGG,Gg.g..g.g.,.G,ggg,,g,ggg,.g.g,.GG.gGggg,.GG.G..GG,G.GgggG.,.g,,,,,,,,,.G,.g,ggg,,,,Ggg,.gggg,g,,gg,,,ggg.gg,g,,g,,g,ggggg,g,,,,,g,,g,g,g,,,,,g,g,,,,,ggg,,G,g,gggg,,g,g,ggg,,,,,g,ggg,gg,,,,,ggg,g,Gg,gG,g,,,^~,	JHJEHD>JHF@CHHC<@HGJsJJArGEII@JI_IIE>GJJIIp`HHFJ:ImIGHIrGs;rIIDJEFF7DsJHHJGHEDE>HJIG?CFFpHJIHIFFFEGHHHGHHFHFsHFHHDH==HFFHGH@JJF@HIEJJIGC>HGJIJDJBIDIHEFJGHJBIJIIEGCDHIJFI@II4JJJGGJIIHHJHJHHGJGHAHJJHGIIJECIICJFIGJHHCIDJGHJJJIAGGIDJJBHHGIIGIIEGJIJGBIDqCHFGJBBIGJGIEGGIJJJGIFIIIHJIGIIJBGHHFGGJIJJ?H?EIEJ:EIFIJCBCIGIHHJIFHIGIGGDHI<JFIIJHJGIHJGIGGIJJEJGGIJBIJIGHJDID<EF4FEFIJHJJEJIJHJJHF9IIIGJ@JG@JJCIJEJGJGJI<JDCIJJGGJJFJBJIIJIIGJJJJGFJCIJJIJFIGIJIGIHJJJJJJJJI@FGJGIJHJHHJHIJIF>JJIIHJIHI>FCJJJJCIHEIGIJJFJIGIGJJDJJJJH3EFIFIEAJJJHJJJJJJCJJHJGHJIIG9HBFI@IHFCJFFJIGJIJ8GIIAJFJIIJBIEIIGFJIIIFIHJIIGHIIGI@FJGHJGGHIHFJIIC@GI;FJJ@HIFHICGIFJJCIAJJFAJIIJHI7IGCIGIIIJH@JHIHIEIJIHGIIJEIIIJJH?CGJCGG@JIA	~~~~~~~~~~~~~~~~~~~~~~~~~~~~~~~~~~~~~~~~~~~~~~~~~~~~~~~~~~~~~~~~~~~~~~~~~~~~~~~~~~~~~~~~~~~~~~~~~~~~~~~~~~~~~~~~~~~~~~~~~~~~~~~~~~~~~~~~~~~~~~~~~~~~~~~~~~~~~~~~~~~~~~~~~~~~~~~~~~~~~~~~~~~~~~~~~~~~~~~~~~~~~~~~~~~~~~~~~~~~~~~~~~~~~~~~~~~~~~~~~~~~~~~~~~~~~~~~~~~~~~~~~~~~~~~~~~~~~~~~~~~~~~~~~~~~~~~~~~~~~~~~~~~~~~~~~~~~~~~~~~~~~~~~~~~~~~~~~~~~~~~~~~~~~~~~~~~~~~~~~~~~~~~~~~~~~~~~~~~~~~~~~~~~~~~~~~~~~~~~~~~~~~~~~~~~~~~~~~~~~~~~~~~~~~~~~~~~~~~~~~~~~~~~~~~~~~~~~~~~~~~~~~~~~~~~~~~~~~~~~~~~~~~~~~~~~~~~~~~~~~~~~~~~~~~~~~~~~~~~~~~~~~~~~~~~~~~~~~~~~~~~~~~~~~~~~~~~~~~~~~~~~~~~~~~~~~~~~~~~~~~~~~~~~~~~~~~~~~~~~~~~~~~~~~~~~~~~~~~~~~~~~~~~~~~~~~~~~~~~~~~~~~~~~~~~~~~~~~~~~~~~~~~~~~~~~~~~~~~~~~~~~~
chr20	1350672	T	617	><>>>>><,$c$C$c$C$c$c$.$c$,C,,,,,,,,c,,,c,,cccc,cccc,,c,,,,ccc,,C,,c,,,,c,c,,,c,,,,,c.,CcC,C.,c.ccCc,,c,c,c,,.,c,c,,cc,,Cc,,,.c,,ccC,c,,,.C..C.Cc.CccCCC.c,C,.CcCCc.C.Cc.Ccc...c.C,CCC..CCC..CC.C.CC.C.C.CC.C.CCCC.C..CcCC.c.CC.ccC.C.C.....C.C.CCC.CC,C.c.CC.C.C.,CC..,.C.C....,...ccccc,,c,,,cc...cC..,,,cc,ccc,cc,,c,,,,,c,c,....cC,.C.cCc,cCCCcCC,cCcccCcc,Cccc..C,,,,cC,Cccc,,,,cc,,c,,c,,,c,c,cccc,cccc,cc,,cc,cccccc,c,.,,cc,cc,,,,,c,,,c.,,.,.C,C.,.C,c.c.Cccccc.,CC.ccC,.,,,c,.c,,Cc,,,.c,.CC,,.,.,,ccc,,ccc..c.,,,,c..,,.c.c....,,.,c,.,,,,,,,c.cC,c,C,ccC,,.c,c,c.c,,..,.,c,cC.,,c,..,ccc,c.c.,,c.,.c,,.,,,,c,,cc,,^~,^~,^~C^~C^~,^~,^~C^~C^~C^~C^~c^~C^~.^~C^~C^~C^~C^~C^~C^~c	JHJEHD>J@CHCE?@HCCHCCCFF<FBFFFFFFFDFFDDFFFDFFBFFDFFFDFF;F?FF?FBFFFDFFDAFBF;FIDGFJHJ:HBJHHHHHHHHHHHDHJJIJJ:JI>JFHEIIGIIJGEJIEJFIIGJGIJJCJJIJGJ?JIIHIIIGJJFJHIGJIEGFJ@HCDEFJFFJJJIJJIGJ?HJIJIJHEJIJJIJIGGJJJJJ@IGJCIGIJJJGJJ>FJAJH?IJGGJHGGJE9GIGFJHFBIFFI9<HFIGJGJHJD9JJJGGJIJFHIEGJIIJJFJIGJDJGG@JE9JFJJEIJJIIJGJJJHGGIGGFIIJJJJJJIHJCBJIGIIGJJDIIJIIJJJJEIFJHCIJJ@HJIJJBIIGAEIJJJJJIJIIJBIIIJJJGEIIIJIJJJJJGFJH>JJBJICIEFJJJJIJF@IGGJJFJIJIJ>JJJIDJGI1JJ:HGDIDIJDJEHHGJJJGJJIJGJJGJIC@1DHIIJJIJ9HJ@EH<BIIGFJJJIJDI>JIJJIHIJJJHECCFHIJ@JJIGGJIFJHHFJHIHI?HFJGAE@@HEFHGHFFIFGFHDAEGAFEFFGCEF>CDEFGH;@G@FHHCFHAFEEFDEFFFC@BCFC@@B@B@@B@CB@E	~~~~~~~~~~~~~~~~~~~~~~~~~~~~~~~~~~~~~~~~~~~~~~~~~~~~~~~~~~~~~~~~~~~~~~~~~~~~~~~~~~~~~~~~~~~~~~~~~~~~~~~~~~~~~~~~~~~~~~~~~~~~~~~~~~~~~~~~~~~~~~~~~~~~~~~~~~~~~~~~~~~~~~~~~~~~~~~~~~~~~~~~~~~~~~~~~~~~~~~~~~~~~~~~~~~~~~~~~~~~~~~~~~~~~~~~~~~~~~~~~~~~~~~~~~~~~~~~~~~~~~~~~~~~~~~~~~~~~~~~~~~~~~~~~~~~~~~~~~~~~~~~~~~~~~~~~~~~~~~~~~~~~~~~~~~~~~~~~~~~~~~~~~~~~~~~~~~~~~~~~~~~~~~~~~~~~~~~~~~~~~~~~~~~~~~~~~~~~~~~~~~~~~~~~~~~~~~~~~~~~~~~~~~~~~~~~~~~~~~~~~~~~~~~~~~~~~~~~~~~~~~~~~~~~~~~~~~~~~~~~~~~~~~~~~~~~~~~~~~~~~~~~~~~~~~~~~~~~~~~~~~~~~~~~~~~~~~~~~~~~~~~~~~~~~~~~~~~~~~~~~~~~~~~~~~~~~~~~~~~~~~~~~~~~~~~~~~~~~~~~~~~~~~~~~~~~~~~~
chr20	1350709	T	523	><>>>>><.$C$c$c$c$cc.,C.ccC,.,,,c,.c,,Cc,,,.,.CC,,..,,ccc,,ccc..c.,,,,c..,,.c.c....,,.,c,.,,,,,,,c.cC,c,C,cc,,.c,c,c.c,,..,.,c,cC.,,c,..,ccc,c.c.,,c.,.c,,.,,,,c,,cc,,,,CC,,CCCCcC.CCCCCCcc,c,,cc,,,cCc.,,ccCccC.,,.ccc.,.,ccc,.c,cc.cc,C,,C,,cc,,CCC.CCCC,ccC.,cCcc,,c,,.,,cC.c.,,c,.,,,C,,.,c,,,cccC.CC.C,.,CC.c,,..Cc..,C.c..c,CC.CCCCC,.C,CC..c,Cc,,Cc,,CC,CC..C..C.cc,,,cc.,..c.,ccCcccc,,,CC.CCCCcC.c,.CcC,c,,C,cccc,,c.,c,,cCc,c,,c,,Ccc,Ccc,,C,Cc..,.,c.,.ccC,,cCcccc.c,,,C.,cc,.c.,c,.c.CCC.CcC.,CCcCCCcccc,C,,,,ccCccC^~c^~c^~.^~.^~.^~.^~c^~C^~,^~.^~,^~.^~.^~C^~.^~.	JHJEHD>JHF@@?C@HFE;AFHFHFFFFFGDFFGFFBF=BHEIHHJDH>HG8FHJG@JEDIJ?B<JEIJJEJIIJI?BIGGJJJJJJJHJGIJJIHJJJIIGJJJGGIFIDIJJJJJI9IJII?GIGJHDIJFJJAJGIJJJGGGHEJJIJGGIIJGJJIIGI;>IJJDDJ@J1FJ0JIIJIIJJHA@?BG<IHEIIGD1IHDJJIJIFIEIJGGJJJIGJJD@GJJICEJIIGJJ>FJJJHJGJGGJIJJIJJJJIJG:?GJGGJDIIIIIJIIIHJ@JFJJIJDFJJEFJ@IIGJJIAJHCH?EJAJJJJGHJGJ9E<IJFHJJJIIGJGJ?DG:BJIGBGJIFJHJIFEJJGGFIEBGJFHJJJJJHJIJAIFFIJIIJIIIIIJJIJ@J7F=IEIIJIAEGJJJIIIBJJGJCJJJJIJJJJJCDH3JHJJABJJJICHHHIGHIJJHJIIGHIDGJHHIIIFDJFFE>FGDDDBFDIFD<FFBFFDHHHAH@EFGGBHC7GCGHCCCBHCHCC@?@@@	~~~~~~~~~~~~~~~~~~~~~~~~~~~~~~~~~~~~~~~~~~~~~~~~~~~~~~~~~~~~~~~~~~~~~~~~~~~~~~~~~~~~~~~~~~~~~~~~~~~~~~~~~~~~~~~~~~~~~~~~~~~~~~~~~~~~~~~~~~~~~~~~~~~~~~~~~~~~~~~~~~~~~~~~~~~~~~~~~~~~~~~~~~~~~~~~~~~~~~~~~~~~~~~~~~~~~~~~~~~~~~~~~~~~~~~~~~~~~~~~~~~~~~~~~~~~~~~~~~~~~~~~~~~~~~~~~~~~~~~~~~~~~~~~~~~~~~~~~~~~~~~~~~~~~~~~~~~~~~~~~~~~~~~~~~~~~~~~~~~~~~~~~~~~~~~~~~~~~~~~~~~~~~~~~~~~~~~~~~~~~~~~~~~~~~~~~~~~~~~~~~~~~~~~~~~~~~~~~~~~~~~~~~~~~~~~~~~~~~~~~~~~~~~~~~~~~~~~~~~~~~~~~~~~~~~~~~~~~~~~~~~~~~~~~~~~~~~~~~~~~~~~~~~~~~~~~~~~~~~~~~~
chr20	1559101	T	1	G	F	~
chr20	1918143	C	4	,,.t	HCJA	~~~~
chr20	2632976	T	1	.	D	~
chr20	2633234	T	1	G	@	~
chr20	2633244	A	1	C	G	~
chr20	2633936	T	142	C$...$CCccCC.CccCC.C..CC.CCc.c,......c,C,,,cCc,,C,..c.c,,CCCCc.,.CCC.CC.c..CCC.,...,cc..c,.,cc.c,,c.,cCC,,c,C,C.,C.c....C.c,c,ccc,,,,c..C.CCC^~C^~.^~,	ADAAACFDDDCDHFDADA@DD@ACCIDGJE@F>ECBJHIJAIFGI?BJIIHG00EBHFH0DGGGEHAIIBJEHEGHIJBEHH@JCIGDIIEGHGJFHGHHFJFEFEHEHH;FHDHDFEDADDDDD>DD=AD;F@<CC@C@CD	~~~~~~~~~~~~~~~~~~~~~~~~~~~~~~~~~~~~~~~~~~~~~~~~~~~~~~~~~~~~~~~~~~~~~~~~~~~~~~~~~~~~~~~~~~~~~~~~~~~~~~~~~~~~~~~~~~~~~~~~~~~~~~~~~~~~~~~~~~~~~~
chr20	2637071	T	375	<c.,.CC.CCCC,CC,.Cc.c,C,c,ccC.Cc.C.CC.C....C.CC..,,.c,c.,,cCc,,c.,,ccc,c,,CCc,,cC..C.CC..cc..cc,.cCcc,cccccccC.C.CC.>>.CCCC,c,C.cC.C.CcC..CC..C..>.C.CCc,ccCcCC,,.,..,C....Ccc..CCC.,.CC.C,c,cCcc,CcCccCCccc,.c>..CCCC..C.,ccCcc,cCcccc,.c...cCcCC..CCcC.,,cc.,,C,,..,c,cCc,,Cc,c...,.Ccc,,CCc,C.cc.c,Cc...,.CC,C..,,c,c,c,cc,,,c,,CC,c...CCC,.c,C....ccccc,,,,,,c,,c,,c,cccccc^~,^~c^~c^~,^~c^~,^~c^~c	IBEF@CDEDDFBADFFFFFFFF5FFBD7B7FAFIHIJJEECHGIIIJJIIIIJJICHHEHJJGGDGGJGGHJHJGIGEJ@JGBIJBJJBJJCIGJIGHJIJ@JJJGJIIJGIJHJJJIEC?=FDFD;FHEAHAFHAHCHHJHJJ@EJE>J5J@JHHJE@GIC>EHGFEGJFJJHJDCJHHJJHIIIIHCJJ@JGIBGIJJJ<JIBIJBFJIHBGJEJDGGIG?J8@EJGJII?/IEIJJJF1JJ8JDGHG7GHJIG?@GJJIIDIJIE@IIBJHIF@JJHI7IFAFEHHBIHJGHHHCHEFHHG?HH>H9ADA>?DD:EEFFHC7EFDFFFFDDDDCFFFDC<DD>DDCD@>>DCC@CDB@6BBDDD@@B@DCDB	~~~~~~~~~~~~~~~~~~~~~~~~~~~~~~~~~~~~~~~~~~~~~~~~~~~~~~~~~~~~~~~~~~~~~~~~~~~~~~~~~~~~~~~~~~~~~~~~~~~~~~~~~~~~~~~~~~~~~~~~~~~~~~~~~~~~~~~~~~~~~~~~~~~~~~~~~~~~~~~~~~~~~~~~~~~~~~~~~~~~~~~~~~~~~~~~~~~~~~~~~~~~~~~~~~~~~~~~~~~~~~~~~~~~~~~~~~~~~~~~~~~~~~~~~~~~~~~~~~~~~~~~~~~~~~~~~~~~~~~~~~~~~~~~~~~~~~~~~~~~~~~~~~~~~~~~~~~~~~~~~~~~~~~~~~~~~~~~~~~~~~~~~~~~~~~~~~~~~~~~~~~~~~~~~~~~~~~
chr20	3028711	G	131	>,$a$,aA..aaaaaaa.a.,A.aaA,a,,,,aa,,,,,A.,,,,A,.A,.Aaa.,aaaAa,,.a,.A...,....A,aA,,a.AaAa,A,,a,,aaaaa,a.,,,a,,a,aa,a,,aAaA,aaAA,,a,,,^~a	DC@FFACFFFFFFDFFGDHn`HBHHHHHHHGJIJJGED5JIJJiBH=JFHGJDJBHG8EFGIFCCFF]DH?FDFHHJIIGBBGIFFJEIIIJHJ=JCBD@HHEGJJ?IH@=JGJHHEGDHF?F:FCEDDDD	$~~~~~~~~~~~~~~~~~~~~~~~~~~~~~~~~~~~~~~~~~~~~~~~~~~~~~~~~~~~~~~~~~~~~~~~~~~~~~~~~~~~~~~~~~~~~~~~~~~~~~~~~~~~~~~~~~~~~~~~~~~~~~~~~~~
chr20	3088938	g	3	>>,	DG0	$~~
chr20	3090124	A	4	>Gg,	DBJG	$~~~
chr20	3090848	T	16	>,gg.GGgGG,.Gg^~G^~G	D@FH9FFJHEDFH@C@	$~~~~~~~~~~~~~~~
chr20	3090942	A	15	>g.G,g,G.,,,.G^~G	DJHHAJAIJDBGHHB	$~~~~~~~~~~~~~~
chr20	3128578	A	32	>><<<<<<<<<c$C,....C..c,.cC,,cc.c	DIHIICDACCCCCFECHCHHCJ@FGJD?:GGB	$~~~~~~~~~~~~~~~~~~~~~~~~~~~~~~~
chr20	3143752	G	2	>.	DD	$~
chr20	3190039	C	11	>>>>>>>....	DIHEGHEBD>H	$~~~~~~~~~~
chr20	3193842	C	190	>.A.>.AAA><<>>>>>>>><>>,>><>>A.>A.A>>.>..A..>>.>>>>....>..<A.>.a>a,.A,>.A.>.a.>,>>>.A>A>.>Aaa,aaaa.<a<<.>aa>a,.,,A,,A>.,.a,a,aAaa,.,a,,,aaa,,,a.,.A....A,.aAA,,,a.aAA.a.,A,aa...A.AA..A...A.A.	DGGGHCEFH:HFD@DDBDBDJBCJCGIEHE@.E>EIIEIEDCAEIH;>IHJDADEFEEIEDIEEF:JEDDFDH@JIGH?JEIIJIGDJIJIHHIEGHHGCB>DDHHI:GIIJG4JIJ@J@JHEHHFGGB=I2BJJJGHHIGHHICIJIE<IIIHIHJJJIIIEEJHAEFHFEDFFBFFFFDFFDFFF=D1	$~~~~~~~~~~~~~~~~~~~~~~~~~~~~~~~~~~~~~~~~~~~~~~~~~~~~~~~~~~~~~~~~~~~~~~~~~~~~~~~~~~~~~~~~~~~~~~~~~~~~~~~~~~~~~~~~~~~~~~~~~~~~~~~~~~~~~~~~~~~~~~~~~~~~~~~~~~~~~~~~~~~~~~~~~~~~~~~~~~~~~~~~~~~~~
chr20	3232099	C	1	.	I	~
chr20	3515924	G	1	A	D	~
chr20	3515951	C	4	,.t.	IAH@	~~~~
chr20	3564672	C	8	..T,,t,.	IIHJGIDD	~~~~~~~~
chr20	3565431	C	11	,,,,....,..	FFF@JJDG:F?	~~~~~~~~~~~
chr20	3653709	C	1	>	F	~
chr20	3653886	t	1	>	F	~
chr20	3667825	A	1	>	F	~
chr20	3670061	G	1	>	F	~
chr20	3672836	G	1	>	F	~
chr20	3732633	C	1	>	F	~
chr20	3733487	G	1	>	F	~
chr20	3759528	C	1	>	F	~
chr20	3777172	C	17	>>>>>>>>.,TTT....	FIH=IJGGDFFICIIFH	~~$~~~~~~~~~~~~~~
chr20	3783764	C	51	T$tTtt..TT.T,,tt.T..T.t.TTT.T,.T..Tttt,Tt,,t,t,.TT.T	CFFHHEHHIHIJGGJJIGIDIJJFHGDJIIBIIFIIJEIJJGHFHDDFFF@	~~~~~~~~~~~~~~~~~~~~~~~~~~~~~~~~~~~~~~~~~~~~~~~~~~~
chr20	3784110	C	75	T$T.$.TT..T$T.t.t,T.T.TTT.t,.T,,.....t.T..,..T.,,.T.TT...t...TT,TTTt.t,,,tt,,.	CDCDDDDDDDDFCDHDDD9DDDCJJ9AJ=ACDDCG?DDCGE7>J:FBBIHJJJHJJD:GGFJIIJJHHFDBBDD?	~~~~~~~~~~~~~~~~~~~~~~~~~~~~~~~~~~~~~~~~~~~~~~~~~~~~~~~~~~~~~~~~~~~~~~~~~~~
chr20	3785978	G	70	><,$,$,$,A,aAA.AA.,,.AAA,,AAAA.AAA..AA,AaA,,.,.A...AaAA...A.aAA...A....^~,^~.	HGCCC@>HHDCD@DDHH<DBDJH>E9IIIECIIJIIJ<GHIIGJDJDIIEGGHHHHHAHHHFFBFFB;B?	~~~~~~~~~~~~~~~~~~~~~~~~~~~~~~~~~~~~~~~~~~~~~~~~~~~~~~~~~~~~~~~~~~~~~~
chr20	3785984	C	70	><,tTT.TT.,,.TTT,,TTTT.TTT..TT,Tt,,.,.T...TtTT...T.tTT...T....,.tt,T,T	HG@DD>CADCFFCCCEJBDFEHmGHGHHII;I@JJFIJDHFGJCEGIJGJJ7JJJFICHHFDB?EECDDC	~~~~~~~~~~~~~~~~~~~~~~~~~~~~~~~~~~~~~~~~~~~~~~~~~~~~~~~~~~~~~~~~~~~~~~
chr20	3786637	G	64	,C$c,c,,c.C,c,ccC,,c,c,,c,,cccCC.,c,C,cCc,c,.cc,,cc,cc,,c,Cc,Cc,,	HA@FFHFHo>HGEJJJJJJJJJJJJJCGIGIIJIIJJIJ<II@IHGGJI@JFIIGJ>JJIGE@;	~~~~~~~~~~~~~~~~~~~~~~~~~~~~~~~~~~~~~~~~~~~~~~~~~~~~~~~~~~~~~~~~
chr20	3838441	C	46	<G$.G,,g,,G,G,.G.ggGG.Gg,,.gg,.GG.,G..GGG.,gGG,	CDCDGGIJJDJGII;=IEHIGJCDBGICCHJJJCJ?HHHHHDDHFC	~~~~~~~~~~~~~~~~~~~~~~~~~~~~~~~~~~~~~~~~~~~~~~
chr20	3844929	C	22	TTt.T.T,ttT,T.,Tt,ttt.	CDDD@FFJGIJJHHHGHGGGDJ	~~~~~~~~~~~~~~~~~~~~~~
chr20	3909309	g	8	,,,A,,,A	FJGfJJFF	~~~~~~~~
chr20	3910169	G	24	C,.,ccA,.,.C,.cc..Cc.,cC	IDJ?JJ9E9GI1GHJJFJFIFGEA	~~~~~~~~~~~~~~~~~~~~~~~~
chr20	3911270	T	11	.$.,g.,ggGGG	?FHIDJIGIHH	~~~~~~~~~~~
chr20	3911290	A	15	t.,ttTTT.T.,,.,	FJFFIJJJHDHAJFH	~~~~~~~~~~~~~~~
chr20	3912359	C	18	t,t,tt.,,,t..tt.t,	CFFFDGJIJ:HJG?HJHF	~~~~~~~~~~~~~~~~~~
chr20	3912426	G	12	,a..,,A.,a,.	DHJp2JGGDIJF	~~~~~~~~~~~~
chr20	3912637	G	16	t$,t.TtTT,TT.,.Tt	C?HHIJIJDC:BGJHF	~~~~~~~~~~~~~~~~
chr20	3912638	C	15	,$g.GgGG,GG.,.Gg	@GAIIJIID1GHIJA	~~~~~~~~~~~~~~~
chr20	3913123	G	12	,TT.tT..T...	JJI1JFJHDDF@	~~~~~~~~~~~~
chr20	5081049	t	168	<>,$.$,$CcCC...CC.C.CC,C.,CCC.CccCC..*CC.C,CCccCCCCCCCCC.cccc,cCCCccccc,cccccC.cC.C...C.,CCc.,,cccC.C,cc,.CCCCcCCcCcC.C,,C..CC.....,,CC.cCc,,.cCC...c,,cc,.c.cc,cCccc,,.cc.	IF@J@I?JJIJJJJIJFIEHJDHJlJ<IIIGIIBGJHJIJHHIJFDEDJHIGJ<HJFI:JJGJHJHDJHIJII:IJJIGJI9IHJIECHEJHEIFIDDIIIIJGJJJH?IIJEJHIGIJJJIJAIJJHHIDHJIJGF?JGJIGIGJ?JI?JIJHDD?DHJGGAGAJED	~~~~~~~~~~~~~~~~~~~~~~~~~~~~~~~~~~~~~~~~~~~~~~~~~~~~~~~~~~~~~~~~~~~~~~~~~~~~~~~~~~~~~~~~~~~~~~~~~~~~~~~~~~~~~~~~~~~~~~~~~~~~~~~~~~~~~~~~~~~~~~~~~~~~~~~~~~~~~~~~~~~~~~~~
chr20	5478505	C	1	T	G	~
chr20	5478653	C	1	.	9	~
chr20	5479379	C	1	,	E	~
chr20	5481387	A	1	,	@	~
chr20	5481393	T	1	,	A	~
chr20	5481409	C	1	t	G	~
chr20	5525986	t	23	ccCCC,c,cCcccc.cC,.CCC^~C	FFGHIJIJDJIDDIJJJJIGGC@	~~~~~~~~~~~~~~~~~~~~~~~
chr20	5526032	a	23	ggg.gG,.GGGG.,....g,ggG	D1FHFkHGHII@HIJGJHIHBCC	~~~~~~~~~~~~~~~~~~~~~~~
chr20	5526113	a	32	G$.gGg.g,.,.,G,..GG...G.GGG.G,gGg	D?AHJHJJIF9G?JJJDJG83EEJIJIJCI@H	~~~~~~~~~~~~~~~~~~~~~~~~~~~~~~~~
chr20	5527176	T	21	,aaaA...aAAAA,AA..A.A	CHJFGHJJJIGHHGFF@?1CB	~~~~~~~~~~~~~~~~~~~~~
chr20	5527291	A	35	,,gg.GG.g.GGGG.gg,G,,.Gg,,G..GGg,g^~g	FJJIIbJFJJ<JGEJIEJGJJHJDJGGJJHJBJGH	~~~~~~~~~~~~~~~~~~~~~~~~~~~~~~~~~~~
chr20	5565374	A	44	<><<><<<<<<>><><>>><>>>><>>>>>gG..G..,.GG..g	AJIJIIJBGGFJJDIJJJJEJGIJIHHHHFHJGJDDJD@HFFFE	~~~~~~~~~~~~~~~~~~~~~~~~~~~~~~~~~~~~~~~~~~~~
chr20	5566109	C	39	<><<><<<<<<>><><>>><>>>><>>>>>,,..,..T.	AJIJIIJBGGFJJDIJJJJEJGIJIHHHHF@CIICJJJJ	~~~~~~~~~~~~~~~~~~~~~~~~~~~~~~~~~~~~~~~
chr20	5753865	C	33	<<<<<>>><><<><<<<>>..aa,,,..A.AA.	BF?FHFJ<IJHIJCCEHGDHH?FFD?JGJJIHE	~~~$~~~~~~~~~~~~~~~~~~~~~~~~~~~~~
chr20	5918258	T	1	c	J	~
chr20	5953815	A	37	>,$g$g$g,g,..,gg,..,.G,,.G,$.gGGG,GG,...G	HC@CCCCCEDIIEJ;HJ=HJJIJBJ:GJ?HIJEJH?C	~~~~~~~~~~~~~~~~~~~~~~~~~~~~~~~~~~~~~
chr20	6009174	G	113	><<<><><<<>>><<>>>>>><<><>>><<>><<<><<<><<<<>>>>>><<>>><<<<><<<>><<<<<<<<>>><>><>>><>>>><<<><<<><<<<<<<<<<<><<>A.	GJHCFIIDFHGJJJFJJJI9JHJIJHJ?FJIHIHJJIJCJJJGGJIGJICJI?CJGIJG<JI@JJJIFCIIEIFHHIEF@HHHJHHHHGEIEICHDCFFH?HEHFHFFHGIJJ	~~~~~~~~~~~~~~~~~~~~~~~~~~~~~~~~~~~~~~~~~~~~~~~~~~~~~~~~~~~~~~~~~~~~~~~~~~~~~~~~~~~~~~~~~~~~~~~~~~~~~~~~~~~$~~~~~
chr20	7959777	C	28	,,t,,,TT,t.,,tt...TtTT,t,T^~t^~t	CCCDFIJJJIJJIJJJJHEGBFGJE7JJ	~~~~~~~~~~~~~~~~~~~~~~~~~~~~
chr20	7962072	A	35	C$c.CC..C..,C.Cc.C,c,.Cc,,,cc,cC.cc,	BFDhDDDDHDADgDHDFJIIIJGBHDIJCECGEDD	~~~~~~~~~~~~~~~~~~~~~~~~~~~~~~~~~~~
chr20	10603750	G	4	><,,	JJJH	~~~~
chr20	10618574	T	3	C,,	EIB	~~~
chr20	10619390	T	15	,$,,.,c,c,c,...^~.	@FFlFFJIGGGIHF?	~~~~~~~~~~~~~~~
chr20	10620386	A	9	G,,,GG..G	CJJIHJJF?	~~~~~~~~~
chr20	10633237	G	5	a$Aa,a	@CHHF	~~~~~
chr20	11905642	G	6	AaAaa,	H:G;FD	~~~~~~
chr20	12989901	T	1	,	H	~
chr20	13029790	C	1	>	I	~
chr20	16030822	G	52	C$C,C,.TCCCCc,.C.,..CCCCC..c,.CC..ccc.cCC,cC....C.Cc,	HAFFHG3CIIIJ4BI0G>AIIJGGB6H=IIJGEIIJFFHHEHFFDFDDFFDF	~~~~~~~~~~~~~~~~~~~~~~~~~~~~~~~~~~~~~~~~~~~~~~~~~~~~
chr20	16031369	G	53	.CC.CCCcc,c,c,cccccC,C,c.C,CC.C.C.cc,cc,ccc..C..,,C.^~C	GHFIJJJHHFHFHHHHHFHJEJJIJIJIIGJIEJJJJIJJ?IJJJ8IJGJFFC	~~~~~~~~~~~~~~~~~~~~~~~~~~~~~~~~~~~~~~~~~~~~~~~~~~~~~
chr20	16033022	C	76	,$..T,TTTTTT.T..TT,.T.t,,.,..t,,.T,T,TT.,,....,TT.,,..,...,t.,tT.,,,,,tt.t.T^~.	CIIGHJnJIIJBHIBIJJJG@ECIJJBDCIFJI:EJIHIH?JJGJ0JFJJJJJJHHHJIHIIFFJGAI8JGCHCCC	~~~~~~~~~~~~~~~~~~~~~~~~~~~~~~~~~~~~~~~~~~~~~~~~~~~~~~~~~~~~~~~~~~~~~~~~~~~~
chr20	16033064	A	85	C.,,....,CC.,,..,...,c.,cC.,,,,c,cc.t.C.,,,c,,,,C,.,C...c....CC.Cc,C.c,c,CCCcC.,.,cc^~,	ooF=GJDJHJFJHJJrHHIIIJIHJJHHHFHIHJJGEIJIFG@AEGI:J?JFJIIJJBJIECJIJJIHGJCIHFBFJFFFF=JH@	~~~~~~~~~~~~~~~~~~~~~~~~~~~~~~~~~~~~~~~~~~~~~~~~~~~~~~~~~~~~~~~~~~~~~~~~~~~~~~~~~~~~~
chr20	16033116	G	88	AA.Aa,A.a,a,AAAaA..,,aa,,aaaa,,..Aa,...aa,a,a,aa,,,,,,aa,,.,AAa,,a,,.aa....AAA...a,....A	CDCEFFBCIGJJECFJHHJDIGIJJIGIIJHIJ@I?HGIIJIJIIJJFIJ>JIJBJGIJIIIECJJEJJGJFGHIEJJJIJEHHH>?@	~~~~~~~~~~~~~~~~~~~~~~~~~~~~~~~~~~~~~~~~~~~~~~~~~~~~~~~~~~~~~~~~~~~~~~~~~~~~~~~~~~~~~~~~
chr20	16033185	C	86	.$.Ttt,.,,,tt,,,tt,t,,,tT..TT.,t.T.,tt.T.,,,.T.....t.,,,tt,,t,,,,t,,T...TTt,,T..TT.TT.^~,	cAFFDHJIJJHJJJJJJ@JJFJEGJJIJGJJIJJJBJEJIFIJJDHJJCHIJJJJIHIJJBIIHJHJJIJJJJ@JJGFGHFFF@C@	~~~~~~~~~~~~~~~~~~~~~~~~~~~~~~~~~~~~~~~~~~~~~~~~~~~~~~~~~~~~~~~~~~~~~~~~~~~~~~~~~~~~~~
chr20	16486698	G	2	,A	HI	~~
chr20	16493533	T	6	,c,C,C	BJHIJE	~~~~~~
chr20	16721892	T	17	g$g$g$.,gg,ggG..gG,.	CB?IFFIEEI1GJIBIF	~~~~~~~~~~~~~~~~~
chr20	17923379	a	333	><<<<<<>>>><>>><>>>><<<<<<<<<<><<><>>>>>>>>>>>>>><<<<><>><<>>>>>>>><<<<<<<><<>><>><>>>>>>>>>>>>>>>>>>>>>><>>>>>><<<<<<<<<><<<<<<<<<<><<<<<<<<<<<<<<<><><<>>><<><<<<<<<<<<<<<><<<<><<<<<<<>>><><<<<>><<<<<>>>>>>>>><>>>>>>><><><><>><>>>><<>><<<<>><<><>><>><>><<><>>>><<<>>>>><><>><>><>>>>><>>>><>>>>>>>>>><>><>>>><>>>>>><>><<><<<><>><...G	EFDDDFFIGJJDIIJFJIHJHHHHHHHHH;IJJJJJ=JII@JHJBHJHFIGJJIJJIIJIHFJIGHJJIJJIFAJJJJIEDHDIJIJ4HJIJIGIJJJJIGJDGHGHGJI:IHIGGJJIJJB@GEICIJJGIEGIIGGDJIGI3JJ;GGIE?8IJJIIJGJGHFIIFJFJI9CGE?BIGJGIGIDBICJHJFDJIFEIJJEIJHHJCHJJGIJJIEIJJI?IJJD?IJHJJJJIHFIJIGJJJJJIGJJII=IJHIAJGJI<IJJEFJBIJJ?JAHEFIGIIID=HJHGGHJJF4JHJJF@HHIBFHFDG?HHHAHHB?FFGJGFJFFHJJ;B	~~~~~~~~~~~~~~~~~~~~~~~~~~~~~~~~~~~~~~~~~~~~~~~~~~~~~~~~~~~~~~~~~~~~~~~~~~~~~~~~~~~~~~~~~~~~~~~~~~~~~~~~~~~~~~~~~~~~~~~~~~~~~~~~~~~~~~~~~~~~~~~~~~~~~~~~~~~~~~~~~~~~~~~~~~~~~~~~~~~~~~~~~~~~~~~~~~~~~~~~~~~~~~~~~~~~~~~~~~~~~~~~~~~~~~~~~~~~~~~~~~~~~~~~~~~~~~~~~~~~~~~~~~~~~~~~~~~~~~~~~~~~~~~~~~~~~~~~~~~~~~~~~~~~~~~~~~~~~~~~~~~~~~~~~~~~~
chr20	17924633	t	335	<<>><><<<<<<><<><<><><>>><<>>><>>><><<<<<<<<<>><<<>>>>>><<<>>>><><<<<<<<<><<<<<<<<<<<<<<<><<<<<<<<<<<<<<<<<<<<<<<<<<<<<<<<<<<<<><<<<>>>>>>>><>><<>>>>>>><>><><>>>>><><>>>>>>>>>>><>>>>>>><<>><<><>>>>><<<<<<<<><<<<<<<><<>><<>>>><<>>><>><>>>><<<>>>>><>>><><<><><<><<<<><<><><<>><<<<><><><<<<<<<<<<<<<<<<<<<<>>>>>>><<>><<>>><,cCCC..ccC.C,cC	CCI;FJFFFFFFJDBFFFIDFFJGHFDGBGFIGG7JFFFFBDFHHBJHHFIJH?HHGJHHIGIII>BIIIJJHIF<:IIIAIGGII?GIGJEGJHGIJGHJ9;IJIGFHII>JIJJIHGIGJJID?@G0FIFJ<FCAHGEGJHGCJEHIIIJIJHDHDCFGEJ>>FJIBIGHGIIIJFIIFJJIJGJGGGEEECG@GIHG?FIJJEI?CJGJIGCHJ<IDJ?JEIHDJAFIJHEIGDIJJHFJIEGIGIJG<=EJJIJ=HIJJJJJE?HAHJJ9JIIJHJIJG@GEJJGIGJIGII;HEHAHGDHHFFDFFHFFCF:FF:@FFJJqIDI<HHHEC	~~~~~~~~~~~~~~~~~~~~~~~~~~~~~~~~~~~~~~~~~~~~~~~~~~~~~~~~~~~~~~~~~~~~~~~~~~~~~~~~~~~~~~~~~~~~~~~~~~~~~~~~~~~~~~~~~~~~~~~~~~~~~~~~~~~~~~~~~~~~~~~~~~~~~~~~~~~~~~~~~~~~~~~~~~~~~~~~~~~~~~~~~~~~~~~~~~~~~~~~~~~~~~~~~~~~~~~~~~~~~~~~~~~~~~~~~~~~~~~~~~~~~~~~~~~~~~~~~~~~~~~~~~~~~~~~~~~~~~~~~~~~~~~~~~~~~~~~~~~~~~~~~~~~~~~~~~~~~~~~~~~~~~~~~~~~~~~
chr20	17925870	A	339	<<>><><<<<<<><<><<><><>>><<>>><>>><><<<<<<<<<>><<<>>>>>><<<>>>><><<<<<<<<><<<<<<<<<<<<<<<><<<<<<<<<<<<<<<<<<<<<<<<<<<<<<<<<<<<<><<<<>>>>>>>><>><<>>>>>>><>><><>>>>><><>>>>>>>>>>><>>>>>>><<>><<><>>>>><<<<<<<<><<<<<<<><<>><<>>>><<>>><>><>>>><<<>>>>><>>><><<><><<><<<<><<><><<>><<<<><><><<<<<<<<<<<<<<<<<<<<>>>>>>><<>><<>>><,G,gGGggGGGGg.GGG.G	CCI;FJFFFFFFJDBFFFIDFFJGHFDGBGFIGG7JFFFFBDFHHBJHHFIJH?HHGJHHIGIII>BIIIJJHIF<:IIIAIGGII?GIGJEGJHGIJGHJ9;IJIGFHII>JIJJIHGIGJJID?@G0FIFJ<FCAHGEGJHGCJEHIIIJIJHDHDCFGEJ>>FJIBIGHGIIIJFIIFJJIJGJGGGEEECG@GIHG?FIJJEI?CJGJIGCHJ<IDJ?JEIHDJAFIJHEIGDIJJHFJIEGIGIJG<=EJJIJ=HIJJJJJE?HAHJJ9JIIJHJIJG@GEJJGIGJIGII;HEHAHGDHHFFDFFHFFCF:FF:JIJIDJFIJJJIA@HHHFF	~~~~~~~~~~~~~~~~~~~~~~~~~~~~~~~~~~~~~~~~~~~~~~~~~~~~~~~~~~~~~~~~~~~~~~~~~~~~~~~~~~~~~~~~~~~~~~~~~~~~~~~~~~~~~~~~~~~~~~~~~~~~~~~~~~~~~~~~~~~~~~~~~~~~~~~~~~~~~~~~~~~~~~~~~~~~~~~~~~~~~~~~~~~~~~~~~~~~~~~~~~~~~~~~~~~~~~~~~~~~~~~~~~~~~~~~~~~~~~~~~~~~~~~~~~~~~~~~~~~~~~~~~~~~~~~~~~~~~~~~~~~~~~~~~~~~~~~~~~~~~~~~~~~~~~~~~~~~~~~~~~~~~~~~~~~~~~~~~~~
chr20	18143355	C	26	<T,.TT,..T,t..t..t.,.T,tT^~.	IDCHIHIIJ4IGIJHJIFBDDFDCC@	~~~~~~~~~~~~~~~~~~~~~~~~~~
chr20	18467826	t	39	.a,..aa.AA,A,,,A,A,aa..,aa,,.,,AA,AA..a	FC@HHHHJIJJHJJJICJ=JJGGGIIJJJJJGJJHHHFI	~~~~~~~~~~~~~~~~~~~~~~~~~~~~~~~~~~~~~~~
chr20	18468917	t	30	,AA,A.a*,,a,,.AA,,..A,.aA.aaa,	<B7HDBFIGJHI4DACHFJHHDI@BD?9AB	~~~~~~~~~~~~~~~~~~~~~~~~~~~~~~
chr20	18469576	a	34	G$G$..,,,.,..G..,gGGgGG.g.G.G.G,.,,g	GIJIDCGIJGFGGJIJJIHBJGBFHGJFJIJFHH	~~~~~~~~~~~~~~~~~~~~~~~~~~~~~~~~~~
chr20	18513372	C	170	t.T...T.TtTTttT..tTTtT,...TtTTT,tT,,t..T.T,,Tt.,Tt,,T,.,,.tt,tt,tT.t.T,Ttt.,t,,,T.,tTtTTTt..T.TTT.t..,,,t...t...T.,tTt,,tttt,t,tt,t.,t,,T.Tt,Tttt.,T.TtT..T.T,tTT.TTTT..^~.^~.	FEFFHEHHFFH?HHIHJJIJIJFIHJIJAGG@HIJHEIJJHJJJJJFJ?ICADIGHFJJJHEIHJ?EEFJFJGEFDGJJFGJJF?HIFHHJIIF;GIGIGIIII<HJJIAJJGHGEJJJGJIJIGGEJJIJGJGJJIIAGGJ@DIHJGHHE?GDDF=HHFDFFFF@;?B@	~~~~~~~~~~~~~~~~~~~~~~~~~~~~~~~~~~~~~~~~~~~~~~~~~~~~~~~~~~~~~~~~~~~~~~~~~~~~~~~~~~~~~~~~~~~~~~~~~~~~~~~~~~~~~~~~~~~~~~~~~~~~~~~~~~~~~~~~~~~~~~~~~~~~~~~~~~~~~~~~~~~~~~~~~~
chr20	18744205	G	130	,$a$,$,$,$,,,a.aaa...,A,..,,a,,aaAaaca,,,,..a,aa,,a,.,.,Aa,a.A,aA.AaAA..AA.a,..a.AAA.a.AAAaA..AA.AAAA....AA.A..,..A.AA....A.A.AA...AAA.	C@CC@C<@CDB<@BDBFD=?DAFHHHFHHDHDHHDHHHIJJ3JJJ>J<8>GIJGDFH0IIIIIHCG<GGIA?JGHHI<IJHJJII9BBJIIJJJGJ8JGJJJAJFHBHHHHHHFHHDHHHHHDDCC;CCC	~~~~~~~~~~~~~~~~~~~~~~~~~~~~~~~~~~~~~~~~~~~~~~~~~~~~~~~~~~~~~~~~~~~~~~~~~~~~~~~~~~~~~~~~~~~~~~~~~~~~~~~~~~~~~~~~~~~~~~~~~~~~~~~~~~
chr20	18744383	T	85	c$,$c$c$,,.C,.C.C,,c,c,ccCcc.,CC..Cc,,cCcc,ccc,ccc,ccccc,,c,c,C,cc,cc.c,,,,cc,,,c,,,,,,,^~c	@CCC@@CCDfCC?EBEFFDHB3HD^H3CA>CHEIGC?EIHHGEFCGGEC@@?1BDGC99E?<CFGCFGID<HEHBG@HAHE9CDA	~~~~~~~~~~~~~~~~~~~~~~~~~~~~~~~~~~~~~~~~~~~~~~~~~~~~~~~~~~~~~~~~~~~~~~~~~~~~~~~~~~~~~
chr20	19702171	G	1	A	I	~
chr20	20006368	T	114	.$...C.C,,,,,C,,c.C.C.C.CCCC.,,,,,,c.,cc,CcC,cc..c,.cCCc,cccc,,.,cCCcC..c.C,..,c,cc,c,cc,Cc,C,.CCCCc,C.cCC,c^~.^~C^~.^~C^~.^~.^~.	BHEHECFHHHHJHJJEFBGH<HIBIBIBIHJIIEHFIBEJJJ9GAGGHH?BHFGIJ:C9IJJ>FJGIJJEHFIIJIHGBEIJ>JIDJEIIIHBDHHFFIFEFIADHE@B@CCCB	~~~~~~~~~~~~~~~~~~~~~~~~~~~~~~~~~~~~~~~~~~~~~~~~~~~~~~~~~~~~~~~~~~~~~~~~~~~~~~~~~~~~~~~~~~~~~~~~~~~~~~~~~~~~~~~~~~
chr20	20371744	A	32	g$,,G,gG,gG,.,g,,G..,...G,,G..g^~g^~g	CCBDFHHJHGIIIHGJGICGJ?GJJFF?CAEE	~~~~~~~~~~~~~~~~~~~~~~~~~~~~~~~~
chr20	20372452	C	22	T,aT.t,t,.T..,..,,...t	eFDCDFJJIFDFIHIID0HFFE	~~~~~~~~~~~~~~~~~~~~~~
chr20	20493222	G	16	,$,$..AA..A.,,aa..	@@IAB@JJJJJJGEFC	~~~~~~~~~~~~~~~~
chr20	21335447	G	100	.$A.a,,a,a,.aAaaa,aaaaAaAaAAa,,a,,,a,A..A,.a,,.a,aAaA.,.aa,,AA.Aa,aa,,a.,Aa,,a,,aa.aaaa,,.a,a,aaaa^~,^~a^~a	AIHGHHHJDJGHGIJFJHHEIGJJHGEEJHIGHJHGDIIJ0IIJHJJGJIBJJ9JBIFJJJIGJIEJIJIGH<E.DIHAJHHCH@EEHFHHH?H@FCBFF	~~~~~~~~~~~~~~~~~~~~~~~~~~~~~~~~~~~~~~~~~~~~~~~~~~~~~~~~~~~~~~~~~~~~~~~~~~~~~~~~~~~~~~~~~~~~~~~~~~~~
chr20	22562674	T	1	C	H	~
chr20	25202508	A	39	<>>>><><>><<>>><><<><>><<>><>g$,G.,,g.,.	BIIE>HEHFHEJGEG0DGBFJIJAEHHFFCIHFI6FJDF	~~~~~~~~~~~~~~~~~~~~~~~~~~~~~~~~~~~~~~~
chr20	25202892	G	39	<>>>><><>><<>>><><<><>><<>><>,,AAAAA,aa	BIIE>HEHFHEJGEG0DGBFJIJAEHHFFJIJJCHC23>	~~~~~~~~~~~~~~~~~~~~~~~~~~~~~~~~~~~~~~~
chr20	25207074	T	88	C$.$cC.C.C,c,.,,,.c,,,,CcCC.,c.c,cc,c,CC..Cc...c.C..c,.,,.cC.,.c.cC..cc,,.C.cc.Cc,,c,,,,c^~c	EH@HFjClFHH@BHA=D8?DIJJIJCJDHHIG?HGIJGIHIHJJIHIJGJ>EAGFJBBJDG@4DIIJ8ED2JIJ85HHDB85?BD?;B	~~~~~~~~~~~~~~~~~~~~~~~~~~~~~~~~~~~~~~~~~~~~~~~~~~~~~~~~~~~~~~~~~~~~~~~~~~~~~~~~~~~~~~~~
chr20	25276297	G	64	aa,,a,a,,a,.A>>><>>>,a.A,aaa,,a.,AAAaa,A.A..,,a,,Aa.Aa..A..,AAAA	<@@DHDBBFHHHIB?EGHDFAIIIIGEGIIHFJ2BJHHGGGA3FJJGFFJ@AHHJJJHFDDDFC	~~~~~~~~~~~~~~~~~~~~~~~~~~~~~~~~~~~~~~~~~~~~~~~~~~~~~~~~~~~~~~~~
chr20	25277244	A	85	>>><>>>g$,$g$ggG,,G,,gG.g,g.gggG.,.G.g.,,GG,,,,g,.,,g.G.GGGg.,.,.g,,,.G,GG.GG,...gg..,g.	B?EGHDFCC@C?DFDB<EIIJJ<GAJGJ;BGcGIDJDBIEGGH4JF`FEJFJIJH<@I=EGCGCI.IJHGHHFF;FFFB?AC5D;	~~~~~~~~~~~~~~~~~~~~~~~~~~~~~~~~~~~~~~~~~~~~~~~~~~~~~~~~~~~~~~~~~~~~~~~~~~~~~~~~~~~~~
chr20	25281184	G	82	>>><>>>Cc,,.c,,c,C,,cC.,.CC..,C.,ccc,CC..CCCCC..,c,..C..C,..C...CC....C...C,.c,cC^~c	B?EGHDFDFFFCGBHDH>IFIDDJCFEIGJJGHJHIFJI3JJIGDJIEBHDEJJBCG;GIJEJC>GIJHIHHDGH8H?9AF?	~~~~~~~~~~~~~~~~~~~~~~~~~~~~~~~~~~~~~~~~~~~~~~~~~~~~~~~~~~~~~~~~~~~~~~~~~~~~~~~~~~
chr20	25281333	G	82	>>><>>>,$,$aaaa.A.A.A.A.a.,,..aA...a,aaA.,a.A,,Aa,,AA.a.,..AAaA,a,AAa,,Aa,AA,.....,^~.	B?EGHDFBBDDDDDCB@cC>FBCDFGBBFE>FF<GEG>EJCEAIGJ9II@JFB@GIJG;B;C@DGIAFDI;GHHC@FB=CB?	~~~~~~~~~~~~~~~~~~~~~~~~~~~~~~~~~~~~~~~~~~~~~~~~~~~~~~~~~~~~~~~~~~~~~~~~~~~~~~~~~~
chr20	25281398	C	98	>><>>>T$T,,.....,.tt.,......,,..,..TttT,ttT.t...T.tt,,,,t,TTT.TT.tt...,,,,t,t,..TTTt.tT.t..^~,^~.^~.^~.^~,^~.^~,^~.	?EGHDFDDCB>D;BDH=HADDDDBD?D@AD?IDDEJEDGIGHFGHH@JJHJJGG8;IIIIJGAJJEJJG8HBGEHCFF8GHH;H5HFB@CBC@CD@DC	~~~~~~~~~~~~~~~~~~~~~~~~~~~~~~~~~~~~~~~~~~~~~~~~~~~~~~~~~~~~~~~~~~~~~~~~~~~~~~~~~~~~~~~~~~~~~~~~~~
chr20	25282944	A	95	>>..g,.ggg..,.,GgG,,,Ggg,,g,,,G.Gg,,.G.GG..,G,g..Gg,Gg,GgG,g,GGG,g.G,g,....G..g,,gg,G.gggg,,g,g	HJHJFFEFD?JICGHCHJEJAGJDIJII??I>DGJJJIJIJJGIIH4JGJGGBJHJHHEBC>HJ?:JJFFFJ@HJJGIB=DCDAFBBDD?B?;=D	~~~~~~~~~~~~~~~~~~~~~~~~~~~~~~~~~~~~~~~~~~~~~~~~~~~~~~~~~~~~~~~~~~~~~~~~~~~~~~~~~~~~~~~~~~~~~~~
chr20	25288632	G	84	,,.Aa,aa,a,a,,A,aa,,A,,AaAaAaaaa,AAaA,.,,,a,,aAa,aaaa.,aA.AaAaA.Aa..,A.AA,aAa,a..^~,^~.^~.	@FHIFHH@IIJIJGGIHAJIIFJI@><EIHHFIIIEDJGGGIHJCGJG?GIGHEIGBGHGJDHHDAGHEDFDFCADD?@CCDC@	~~~~~~~~~~~~~~~~~~~~~~~~~~~~~~~~~~~~~~~~~~~~~~~~~~~~~~~~~~~~~~~~~~~~~~~~~~~~~~~~~~~~
chr20	25433536	T	1	c	I	~
chr20	25594783	A	18	.TTtt,t..T,,..T.,t	JJDJIJJ??;JJJJJJIJ	~~~~~~~~~~~~~~~~~~
chr20	25595123	G	10	.A.A..aaaa	IJJDJJGI?F	~~~~~~~~~~
chr20	25595356	g	12	.A...a...A..	FHGIFBIHJFH?	~~~~~~~~~~~~
chr20	25595466	c	18	.$,,a.A,a.A,A,A,,.^~,	BFGHHGFHEJFIB1FFC@	~~~~~~~~~~~~~~~~~~
chr20	25655264	G	54	>><><<>aA.A,AAAAA.A,..,A,,A..,.,.AAA.A,,AAAa..aaaA.AA.	H@JHJ3HBDDCFEE>CED@DkD;DEJFBHIGIJIJ9HIGIDGI3JJJGDFDE<@	~~~~~~~~~~~~~~~~~~~~~~~~~~~~~~~~~~~~~~~~~~~~~~~~~~~~~~
chr20	29612967	A	48	<<<>><>><<<>>>>><<<<><>><>><<>>><><><<>>><><>>><	HHIFG?D?HJICDCCDHHHHCHDFJAGJJHFBIJEDECIHHEIHGDAI	~~~~~~~~~~~~~~~~~~~~$~~~~$$~~~~~~~~"~~$~~~$~~~~~
chr20	30435439	G	1	<	F	~
chr20	30510804	C	1	<	F	~
chr20	30747073	A	55	>><<<<<<<<>><>>>>>><<<>>><><<<>><>>>>>>>><<>>>><><<<<>,	@EFFHGHHHHAIJEGEFCIJIIGFGBIBJIFGG?IHHHIICHJIFCIJJ@GI8EJ	~~~~~~~~~~~~~~~~~~~~~~~~~~~~~~~~~~~~~~~~~~~~~~~~~~~~~~~
chr20	30747080	T	55	>><<<<<<<<>><>>>>>><<<>>><><<<>><>>>>>>>><<>>>><><<<<>,	@EFFHGHHHHAIJEGEFCIJIIGFGBIBJIFGG?IHHHIICHJIFCIJJ@GI8EH	~~~~~~~~~~~~~~~~~~~~~~~~~~~~~~~~~~~~~~~~~~~~~~~~~~~~~~~
chr20	30753270	T	41	<>c,,c,C..C,,C.CCc,.C.C,CC.CC.,,cCcC.C.Cc	GE?FA=DFFCFHHHEEH;G=GIJDJJFJJJDDDFCHFFHFD	~~~~~~~~~~~~~~~~~~~~~~~~~~~~~~~~~~~~~~~~~
chr20	30782113	A	26	<g$g$,g..Gg,G,,gg,g.g.GG..g,	J@@DHHECIEIBCCEBCJBGFJFFH>	~~~~~~~~~~~~~~~~~~~~~~~~~~
chr20	30782543	C	21	<,.,,G.G.GGGG.Gg,.,..	JFFIGJJJJ=I?BJG?GJ?BF	~~~~~~~~~~~~~~~~~~~~~
chr20	30783919	A	32	g..G.ggg,gG,GgG,G,g,Gg,gg,gg,.g^~,	CFBHJHHFJIHJIGJIJI?H@AJEFEDDC@9D	~~~~~~~~~~~~~~~~~~~~~~~~~~~~~~~~
chr20	30915461	T	11	<.C..,,..c^~c	FHEFHHHADDB	~~~~~~~~~~~
chr20	30919183	A	18	<gG,,,,,,,GG,GGg,G	F@AIGJGGJ@IGJJG?GA	~~~~~~~~~~~~~~~~~~
chr20	31031809	G	16	<aa.,a,,,,a.A,.A	FCCHH>JJJJHJJGFF	~~~~~~~~~~~~~~~~
chr20	31035129	A	8	<G.g,,,.	FDDFIIJH	~~~~~~~~
chr20	31291625	A	40	<<>>><<<>><<<<>>>>><<><>>><<<<><<>>>>>>,	FDCIGIH<=IIFJIEGIHGI>FGIEJGGJ@IIFGJHHDFJ	~~~~~~~~~~~~~~~~~~~~~~~~~~~~~~~~~~~~~~~~
chr20	31596472	A	1	,	J	~
chr20	31996336	T	3	>,,	=H?	~~~
chr20	32227328	a	14	>><>><<<<>><><	HEHF?GJJIJIJI;	~~~~~~~~~~~~~~
chr20	32232949	G	12	>.tTTt.T...,	HJBIHIJIHHFE	~~~~~~~~~~~~
chr20	32252489	C	9	><><><<<<	H@CIFGJE;	~~~~~~~~~
chr20	32254831	G	10	><><><<<<.	H@CIFGJE;D	~~~~~~~~~~
chr20	32255233	T	10	><><><<<<.	H@CIFGJE;H	~~~~~~~~~~
chr20	32294584	t	7	>>,$CCc,	HF@IJJE	~~~~~~~
chr20	32294795	t	5	>>C.C	HFHCD	~~~~~
chr20	32295541	C	17	>>.,,Tt.TT.TTTTtT	HFE@@>?E3JHHHHHJ@	~~~~~~~~~~~~~~~~~
chr20	32374998	C	9	>>>>>>>>>	HFDGCJIGH	~~~~~~~~~
chr20	32375096	C	10	>>>>>>>>>.	HFDGCJIGHJ	~~~~~~~~~~
chr20	32376350	t	9	>>>>>>>>>	HFDGCJIGH	~~~~~~~~~
chr20	32379263	T	5	>>,c.	HFJJJ	~~~~~
chr20	32664866	g	249	A$A$a$a$A$A$A$A$aaaaaaaaaaaaAaaaaAaAAAAAAAAAAaAaaaaaaaaaaaaaaaaaaaaaaaaAaaaAAaaaaaaaaaaaaaaAaaaAAaaaaaaAaaaaAAaaaAAaAaaaAaAaAAAAAAAaaAAAAAAaAaaaaaaAaaaaaaaAAAaAaAaaaaAaaAAAAAAA,,,,,a,,,,,,,a,,,,a.a,,a,,,,..A.A.,AAa,....,A.,.,A,A,,......,.,......,.........,^~.	DD@C@B@BC@1CC@CB@CC@DD@@=?@BDD@BDBBDDF?FFFFFDFFFFAFFDD?FFFFDFDFDFDDDDHHHHGHHFHHHFHHBHFHDDHHHH8JD0J?A@AJJGBBJ=IJIDFAGFFFH=HHI;HHFCHHAGG;JABIGJGBGBGDEJJH4BJEFDBG3=BGA:GBIEBHFHF<HHFFFF<DF;CA05D@?DBBDJJ:J<J?GA?DIJJJBEIGJDJ0<8<IGHHHHBHBHHHHFFDFDFFD@C<BD@	~~~~~~~~~~~~~~~~~~~~~~~~~~~~~~~~~~~~~~~~~~~~~~~~~~~~~~~~~~~~~~~~~~~~~~~~~~~~~~~~~~~~~~~~~~~~~~~~~~~~~~~~~~~~~~~~~~~~~~~~~~~~~~~~~~~~~~~~~~~~~~~~~~~~~~~~~~~~~~~~~~~~~~~~~~~~~~~~~~~~~~~~~~~~~~~~~~~~~~~~~~~~~~~~~~~~~~~~~~~~~~~~~~~~~~~~~~~~~~~~~~~~~~~~~
chr20	32957216	G	8	A.A..aAA	DDDDGGJI	~~~~~~~~
chr20	33095891	G	24	.$.,,,,,aa,aA.,aA,,,..A,^~,	oHHJEIIIIJJII@GHJJGGDFDD	~~~~~~~~~~~~~~~~~~~~~~~~
chr20	33104592	G	238	<>>>>>>>>>>>>>>>>>>>>>>>>>>>>>>>>>>>>>>>>>>>>>>>>>>>>>>>>>>>>>>>>>>>>>>>>>>>>>>>>>>>>>>>>>>>>>>>>>>>>>><>>>>>>>>>>>>>>>>>>>>>>>>>>>>>>>>>>>>>>>>>>>>>><>>>>>>>>>>>>>>>>>>>>>>>>>>>>>>>>>>>>>>>>>>>>>>>>>>>>>>>>>>>>>>>>>>>>>>>>>>>>>>>>>>>>>>>	GDADD9D@D8DDDDD>CCDC@DCDADDDC>D@DDCDCCCDCDDDDCC8@FFDFFF@F;FFF7FFFFFFE@EDFFFDFFFJGJEH@IJJJ?H<JBJDHJGJGGHJHGIFGIIEDJHJJJIJJEJIIIJHIIEJFGJHHJJJ>IGBF?JGJCJGJGAJJIJJGGFJFHHGHH:GDDHHHFHHG<HAHFGDHFHHHHHHHFHHGH?HFHGFHFHHHHGHFDHFAAHHFFFFFFBFDFDFFD	~~~~~~~~~~~~~~~~~~~~~~~~~~~~~~~~~~~~~~~~~~~~~~~~~~~~~~~~~~~~~~~~~~~~~~~~~~~~~~~~~~~~~~~~~~~~~~~~~~~~~~~~~~~~~~~~~~~~~~~~~~~~~~~~~~~~~~~~~~~~~~~~~~~~~~~~~~~~~~~~~~~~~~~~~~~~~~~~~~~~~~~~~~~~~~~~~~~~~~~~~~~~~~~~~~~~~~~~~~~~~~~~~~~~~~~~~~~~~~
chr20	33292127	G	1	<	D	~
chr20	33345747	t	16	<>,.c.,.,,,,,.,,	DHC=HGJ1G=JIHH@H	~~~~~~~~~~~~~~~~
chr20	33407704	A	4	<><<	DHDC	~~~~
chr20	33407715	G	4	<><<	DHDC	~~~~
chr20	33408036	g	4	<><<	DHDC	~~~~
chr20	33408137	a	4	<><<	DHDC	~~~~
chr20	33409350	G	5	<><<A	DHDCH	~~~~~
chr20	33510662	a	15	<><<<<<>><<><<<	DH;HICI?HJFJJFB	~~$~~~~~~~~~~~~
chr20	33590358	C	36	>>TTTTttT..T,.ttT.,...TT.,...t,Tt,^~T^~.	HG`:>:IJCCH@CJJECGHGFFFJGBJJHEAADDCB	~~~~~~~~~~~~~~~~~~~~~~~~~~~~~~~~~~~~
chr20	33590584	T	98	>><<,CCCc,C,,CC,,C,,c,c,ccccc,c,cC,Cc,.,,,c,ccCC.C..,CC,c,...CC,,cC.C.,C.Cc,.,..CcC.CC,c,c.cc.CCC^~,	HGIH<BD@=F;FDDDFH5HHFHDHHI:IF<IJEDI8HD0DGGAG?JD66B6@?0DGIJ537B6?I:D7C@ED0DAH@807DBB7D@DI?D;D;BCB<B	~~~~~~~~~~~~~~~~~~~~~~~~~~~~~~~~~~~~~~~~~~~~~~~~~~~~~~~~~~~~~~~~~~~~~~~~~~~~~~~~~~~~~~~~~~~~~~~~~~
chr20	33764632	C	5	>><<G	JEGDH	~~~~~
chr20	33863334	C	7	<<<><><	FFBH7JD	~~~~~~~
chr20	33863633	A	8	<<<><><.	FFBH7JDJ	~~~~~~~~
chr20	33864484	A	20	<<<><><.gGgG..,g.gg^~G	FFBH7JDDFD?>B@IGHGFC	~~~~~~~~~~~~~~~~~~~~
chr20	33865852	G	22	,>a.,,a,aaa,aaa,,,,,,,	FJDAGB/BDDB<B5IFDDBFDC	~~~~~~~~~~~~~~~~~~~~~~
chr20	33865895	G	17	>aaaa,aa,,,,a,aaa	JHFJGACHCFFC9GE<?	~~~~~~~~~~~~~~~~~
chr20	33866753	G	53	>CCCC.C..CC.C..C....CC.CCC....C.C.CC..C.C.C....C.^~.^~.^~C^~.	JABEGHFH0IFIHGHHDGFHHBEEIIE<FHIGIH1FAGHHFFFDFFDFD@CC@	~~~~~~~~~~~~~~~~~~~~~~~~~~~~~~~~~~~~~~~~~~~~~~~~~~~~~
chr20	33872311	G	207	<<<<<<<<<<<<<<<<<<<<<<<<<<<<<<<<<<<<<<<<c<<<<<<<<<<<<<<<<<<c<<<<<<<<<<<<<<<<<<<,<<<<<<,<<c<<,<<<<,<<<<<<<<<C<<<<<<<<<<<<<<<<<<<<,<<<<<<<<<<<<<<<c,<<<,<<<,<<<<<<<<c<c<c<<<<<<,<<,c<c<<<<c,c<<<<,,c<<<<<<,<,<ccc	I@C@FFFD@FFFFFFFFFDHHBGHHDGHHHHFHDHJIHJICJIIJ:IJ@EF@JJJIGJJFHHJIGJIJIJI<?I>GJFJFHDIJIJAFHHJBDJEJJHDDJIDIGH<7IGIEGCIIJIJGIJDIJJGIJJIEI@JJGIJJIII<IJFEID?IIJGIJJFAHGIGJHIHGHHHCJIHGBFI4FDDGAFE>EBJEI>A@CAHD>=F=DB	~~~~~~~~~~~~~~~~~~~~~~~~~~~~~~~~~~~~~~~~~~~~~~~~~~~~~~~~~~~~~~~~~~~~~~~~~~~~~~~~~~~~~~~~~~~~~~~~~~~~~~~~~~~~~~~~~~~~~~~~~~~~~~~~~~~~~~~~~~~~~~~~~~~~~~~~~~~~~~~~~~~~~~~~~~~~~~~~~~~~~~~~~~~~~~~~~~~~~~~~~~~~~~~
chr20	33933846	t	63	><><><><>>>>><>>>>>>><<><<><<<>><>>><>><>>>><>>>><><..CC.C,Cccc	IFGFJBJHIBBA<BGIEJGGIJJIIEIHGIJBJJ?GHJJBJIIIFIHHHB?DEF0IGG?G@JI	~~~~~~~~~~~~~~~~~~~~~~~~~~~~~~~~~~~~~~~~~~~~~~~~~~~~~~~~~~~~~~~
chr20	33934301	t	61	><><><><>>>>><>>>>>>><<><<><<<>><>>><>><>>>><>>>><><C..c,c,,c	IFGFJBJHIBBA<BGIEJGGIJJIIEIHGIJBJJ?GHJJBJIIIFIHHHB?DED@HHJI3D	~~~~~~~~~~~~~~~~~~~~~~~~~~~~~~~~~~~~~~~~~~~~~~~~~~~~~~~~~~~~~
chr20	33934437	t	59	><><><><>>>>><>>>>>>><<><<><<<>><>>><>><>>>><>>>><><Aa.AAaA	IFGFJBJHIBBA<BGIEJGGIJJIIEIHGIJBJJ?GHJJBJIIIFIHHHB?DrAJJGJJ	~~~~~~~~~~~~~~~~~~~~~~~~~~~~~~~~~~~~~~~~~~~~~~~~~~~~~~~~~~~
chr20	33971914	C	66	<><<<.$,,,,ttt,tt,tt,.tTTTT,TtT.T..TT,tt..T,tT.tt.tT,t,,t..TT,,tT.^~t	@>HIEICCCFHHHFHHHFEGJHIJGIJIFIHIFBJIFJJCI>GJIHHEHFFI@AEGIJIHF<DC@D	$~~~~~~~~~~~~~~~~~~~~~~~~~~~~~~~~~~~~~~~~~~~~~~~~~~~~~~~~~~~~~~~~~
chr20	34025756	A	1	>	H	~
chr20	34025843	C	1	>	H	~
chr20	34025983	A	1	>	H	~
chr20	34214723	T	251	><.$C$.C>C<<.<c.<>,><<>.<.>.<<.<c><.C<>>>c<<,,c,c.c>......>.C<.,,c>C>>..>C>c$.>..>>..>,>>.....>...<<<<<>C<,C>.c>>>,,.,<CC<<.C>>>>.<.>>><.,<,.,c....,,<<.>cc<<.<<c<<.><.C><,,,c,C,>,,,c<<><>>><,>,,<,.,,....,c>,.*<.<.>>,>,,c>,><<<<<<,<C.,,<<,,c<,,<<,c,c,,.,^~C	HD@DEAEEFFD@CCFEDEFFFBFHHCCFCHEHBHGE@HIJGBEJIDJGJJIGBGHGGCI?G8GJFGIHHH>=HDJJIBHIIHGIHJIGGII9IIIJGJJBI=GIDHFHIBIBJEEJIFGFIH<IGFGEIH>HJDJJJIHIGDGGFIIEIHJ?FJIIAGH@IJIGIH@JJJHJCIJJEJGGAHGJJFFJAJIIA?I;IJJJHJJH@IJIIBHGEJ8AE@FGAHHHBFBBBF<DFFDDDBADBCBBCDDD@D@	~~~~~~~~~~~~~~~~~$~~~~~~~~~~~~~~~~~~~~$~~~~~~~~~~~~~~~~~~~~~~~~~~~~~~~~~~~~~~~~$~~~~~~~~~~~~~~~~~~~~~~~~~~~~~~~~~~~~~~~~~~~~~~~~~~~~~~~~~~~~~~~~~~~~~~~~~~~~~~~~~~~~~~~~~~~~~~~~~~~~~~~~~$~~~~~~~~~~~~~~~~~~~~~~~~~~~~~~~~~~~~~~~~~~~~~~~~~~~~~~~~~~~~~~~~~
chr20	35127626	C	69	<<>><>><<>>>>><>>><><<><<>>>>><>>><<>>>><>>>>>>>>><<<>><<<<><><<>>>T$,	FF@CB:DJJD>ADDGFDCJCBIFIIAHCHD=GGHII.IF@GFGGGIIHJIGGJG<HEHHJ?H>D;FFBD	~~~~~~~~~~~~~~~~~~~~~~~~~~~~~~~~~~~~~~~~~~~~~~~~~~~~~~~~~~~~~~~~~~~~~
chr20	35407394	A	17	..,,.,,Gg.,G..,,.	B;GJII?IJBHECDFFF	~~~~~~~~~~~~~~~~~
chr20	35407640	C	21	,$,..t,,.,,T.t.t,TTT,.	BHmFEJJ=I?HFIIEIDFFIF	~~~~~~~~~~~~~~~~~~~~~
chr20	35412834	G	13	..a,.aa,a..,a	DA?8JFH@0EJAC	~~~~~~~~~~~~~
chr20	35414768	C	8	Tt.TTtT.	HIbIHGCH	~~~~~~~~
chr20	35467713	G	2	AA	FI	~~
chr20	35518800	t	5	>>>>C	FDFFG	$"""~
chr20	36396432	T	105	....,......,,.,,,..,.....,,.............,..................,..........,.......,,,.,,,.,.,,,,.,,.,.,,,,^~,^~,^~,	A6>@D@@A@62DF.FHHB=HI.I;6FHGIDECBGDFH2DCIHEBGIGFD7GBIIBH?BFE?GHIFJIIGIHIGIJJIJBJJJJHJFJD@JF@FJJDJFJEI@H?F	~~~~~~~~~~~~~~~~~~~~~~~~~~~~~~~~~~~~~~~~~~~~~~~~~~~~~~~~~~~~~~~~~~~~~~~~~~~~~~~~~~~~~~~~~~~~~~~~~~~~~~~~~
chr20	36611647	C	42	aa.AA.A.aAA.a,a,aa,a,,aaa,.AA..AaA,,a...,^~,	@?DHCEJCFCIIIIH=JIBIJGDIG8JJGGIJIF@GHBFCH?	~~~~~~~~~~~~~~~~~~~~~~~~~~~~~~~~~~~~~~~~~~
chr20	36611664	C	43	TT.t,t,tt,t,,ttt,.TT..TtT,,t....,,t.t,,t.Tt	;FGJHJHHGEGJA@GBHJJ<IJJHHHFGF<I>IFCIHJGDFFH	~~~~~~~~~~~~~~~~~~~~~~~~~~~~~~~~~~~~~~~~~~~
chr20	36662255	C	14	T..,T,tT,T..T^~,	?DIEID@EBHJ:FA	~~~~~~~~~~~~~~
chr20	36668874	G	25	..,.,A..A,.,,AaA,aa,.aA.^~.	D?FDHJIJIGGHGEJFIJJJGFEFC	~~~~~~~~~~~~~~~~~~~~~~~~~
chr20	37658882	a	16	<><>><<<<>><<><<	EDH;8H<HDFIC@HD>	~~~~~~~~~~~~~~~~
chr20	39797465	T	73	.,c,,,Cc,Ccc,,,,C,c..C.C..c,,,cCCc,cccc,,C,c,,cCc,ccc,,C,..C.C...,,c.C,c,	EFDDFDCHHFHGFHFBEHFEHHmH@JI?IJHCII>II0AHII@IIGGJIGIII4IJJJIIHHHHHFFCF?CCD	~~~~~~~~~~~~~~~~~~~~~~~~~~~~~~~~~~~~~~~~~~~~~~~~~~~~~~~~~~~~~~~~~~~~~~~~~
chr20	39811275	G	9	>.,..,c.,	JHBBJIJ1F	~~~~~~~~~
chr20	42089464	A	218	>.$C$,C$C.,ccc,.C.CCC..C.CC..c.,.C.,C,C..CC.CC.C.....c,,C,.c.C....C,,CC,,c,cC.,,,,,.cC,.C..C..Ccc,,,c..cc,,,c,,,ccC.C..cCC,,,c,cc,CCC.C.,,c,c.CccC.C.c...CCCCCc.cC....CC.,.,C..C.....ccCCCccC,,c..CC,...Cc.c,,,c,CC.C.C.,CC.^~c	GECCEDEC8C@@EFFEFFFFFFDFDFHFDGHEHFHHG?EH>JCIJCGJ;7JJICJGI@@GJIGJJHGHIDIJJIJJGJJEJHIIJJIIJGIJJJJIGJJ8CJJJHJICHIAGGEJJIHEIJJIFIJIEIJJJHJBJJDBGIIGEJHCAEHJ@JJIEIE<JEI9JHIEIDJEIJGIIJIDDHIICDEADDDHHGDFHDFDF;D@:>F@C@C?@@D@?@D	~~~~~~~~~~~~~~~~~~~~~~~~~~~~~~~~~~~~~~~~~~~~~~~~~~~~~~~~~~~~~~~~~~~~~~~~~~~~~~~~~~~~~~~~~~~~~~~~~~~~~~~~~~~~~~~~~~~~~~~~~~~~~~~~~~~~~~~~~~~~~~~~~~~~~~~~~~~~~~~~~~~~~~~~~~~~~~~~~~~~~~~~~~~~~~~~~~~~~~~~~~~~~~~~~~~~~~~~~~
chr20	42159696	C	2	<.	EF	~~
chr20	42160395	c	2	<,	EA	~~
chr20	42741114	A	3	c.C	DFD	~~~
chr20	42743454	A	1	,	F	~
chr20	42744587	G	1	c	C	~
chr20	42815190	G	1	,	H	~
chr20	43118606	C	16	<t..T.tT,..,tt,,	FHA80IH>J<JJII@H	~~~~~~~~~~~~~~~~
chr20	43560482	g	27	>>>>.$,.A.A.AaA,.,.aAAA..A^~,^~A	JJHFCDJBIGJBHGJGIB4IJIBFFE?	~~~~~~~~~~~~~~~~~~~~~~~~~~~
chr20	43566787	A	22	>>gg.gGGG.,GGG.GG,,.gG	JJC@HFHHJJCJJJJHEIGHHF	~~~~~~~~~~~~~~~~~~~~~~
chr20	43589041	G	4	>>a,	JJDD	~~~~
chr20	43629135	G	91	>>AAa,,aa..,A.aa..a.AAAaA,A,,AAaaAa.aA.A,a..A.A.,AaA,,.a.aaaa,,,a,a.,AaAAAa,a,..AA...AA,,a.	JJDB@FFAHD?F=AHDDC<DCDBHFHDAJF?JDFA@FGIICJJJJ=EJG.CBIJJDJJGIHIJFII4IGHGJIJIIJJHFDDFFDFFHCE?	~~~~~~~~~~~~~~~~~~~~~~~~~~~~~~~~~~~~~~~~~~~~~~~~~~~~~~~~~~~~~~~~~~~~~~~~~~~~~~~~~~~~~~~~~~~
chr20	43705551	C	128	>>g$g....,.gGG...GGGGg,gg,gg,,,g,Gg,,,gg,..G,GG.G,g,g,,gg,.g,gg,g.gGgG,,G,,.Gg.gg.,g,.GGg,,,,G,gg.GGG.G.gG.,Ggggg..,gggg.,,gGG,^~.^~G	JJC@HHHAFFBJH9EIHJGIIEJJJJJEJ>IJHIIJFJ>IGHHGJHJHEIGJII4<HIHIJIJGIIJJICJIGGFIJIHJJGIJ?DGIFGGCCGJIJIII9FJJJGHGJEJHJFHIHGJIHIEDBG@C	~~~~~~~~~~~~~~~~~~~~~~~~~~~~~~~~~~~~~~~~~~~~~~~~~~~~~~~~~~~~~~~~~~~~~~~~~~~~~~~~~~~~~~~~~~~~~~~~~~~~~~~~~~~~~~~~~~~~~~~~~~~~~~~~
chr20	43706559	G	130	.$A.A,a,,a.AA.AA...A..,,.aAA.,Aa,AAaAAAaa,A,a..Aaaaa,,,a,,.AA,.,AaA...AA.AAaA,..AA...aaa,.A,aa,aa,,,aAAA..aaAaAaa,a,,,Aa.aa,aa,,a.,	oDGsFDBDDHC?J=;GIFIDHIF??IHHJrHHIIHII@HGJJJHHDHIGDFJIHGG1GIIF@?ICHJGIGCIIB:GJJGJJ@JJIIIEGHCCGJCHIJIHFF?FFHIFIFCDJFJJIFHFGIG;EIEICG	~~~~~~~~~~~~~~~~~~~~~~~~~~~~~~~~~~~~~~~~~~~~~~~~~~~~~~~~~~~~~~~~~~~~~~~~~~~~~~~~~~~~~~~~~~~~~~~~~~~~~~~~~~~~~~~~~~~~~~~~~~~~~~~~~~
chr20	43739119	G	2	aa	I@	~~
chr20	43976991	A	6	,g,,,g	EGCDCC	~~~~~~
chr20	44052992	G	94	A$.Aaa,...A.A.a.,,,.a.AA.,...aAA.a...aaaa,aaaA.a,.ca.aaaaa.,A...Aa,aa,a,,,,,,a.Aa.,a,.aa,,,^~.^~.^~.^~.	DBDFDD<8@@DCDBDHHHBH=DDDJ@?FHDC=FD=5AHHHGA:?E??IC;@G@FDGF=CEIJJJ?AHEHHHFHHBFB?HCHDCEF;EECDC@BB	~~~~~~~~~~~~~~~~~~~~~~~~~~~~~~~~~~~~~~~~~~~~~~~~~~~~~~~~~~~~~~~~~~~~~~~~~~~~~~~~~~~~~~~~~~~~~~
chr20	44054349	T	78	><c.,.,.Ccc,C.Cc.C,c,,,ccCc.,,ccc.,..,c,,,,,.C,C,.c.C,c,,,c,,C.ccc,C,C,cCCCcC^~C	FFChFAHEHHFHHmIJ4JJJBIJFDFJFFIJ=IDIGHFJJIJJJIJJ@GJJIACJJJGIGJI?IBHHIAED;JFCE?@	$~~~~~~~~~~~~~~~~~~~~~~~~~~~~~~~~~~~~~~~~~~~~~~~~~~~~~~~~~~~~~~~~~~~~~~~~~~~~~
chr20	44441510	A	162	><<>>>><>>>>><<>>>><>><><<><<<><<<<><>><<<<<><>>>>><<><<<><><<<><<<<<<<<><<<>>><<<<>>><<>><>>>>>>>><><>>>>>>>>>>>>>>>>>>>>>>><>>>><>>>>>><><>>>>>>>>>>>>>>>>>..G.,	DFDBBDB?DD88DBGD@??H??J<IHBFIIDHHGFDJD8IHIIHDJDBBDDII?HIJDG@D>JDIJGIGGJI?JG<BDB:FJGD@=IJIJJJHAJDJIJJJFGIJGCI;IIHIJIECDJIIEEJJCGJBIJ?GEIB14AGHGH7HHHFFDFDFDF=FFI2I5	~~~~~~~~~~~~~~~~~~~~~~~~~~~~~~~~~~~~~~~~~~~~~~~~~~~~~~~~~~~~~~~~~~~~~~~~~~~~~~~~~~~~~~~~~~~~~~~~~~~~~~~~~~~~~~~~~~~~~~~~~~~~~~~~~~~~~~~~~~~~~~~~~~~~~~~~~~~~~~~~~~
chr20	44471276	c	48	<><<<>>><<<>><<>><><<>>>>><>><>>>><<<<>><<<<>,..	FDHG:BBDIJIIAGGJJDJGGB@HHJIDGBJGJICDJ?HHDDDDF<ID	~~~~~~~~~~~~~~~~~~~~~~~~~~~~~~~~~~~~~~~~~~~~~~~~
chr20	44472602	g	50	>><>><>><><<<<><>>>><><>>>><>>><<<<<<>><><<a.a.a.A	BIGJBHB=JBEH>JCBD?<FJGEDIIJIIIGD?EBCEFGAFEEIIJJJID	~~~~~~~~~~~~~~~~~~~~~~~~~~~~~~~~~~~~~~~~~~~~~~~~~~
chr20	44472734	C	47	>><>><>><><<<<><>>>><><>>>><>>><<<<<<>><><<T.,t	BIGJBHB=JBEH>JCBD?<FJGEDIIJIIIGD?EBCEFGAFEEHC;H	~~~~~~~~~~~~~~~~~~~~~~~~~~~~~~~~~~~~~~~~~~~~~~~
chr20	44505830	C	8	,.,.Tt,^~T	BDH7JFF@	~~~~~~~~
chr20	44505973	T	9	CCc,cC..C	AGB9GFFBF	~~~~~~~~~
chr20	44506208	G	5	.$aA,.	DJIEF	~~~~~
chr20	44506661	G	7	,,,.AA.	CBFFGHD	~~~~~~~
chr20	44507307	T	10	,,CCc,C,C^~c	@FHHGGAJHG	~~~~~~~~~~
chr20	44507536	G	15	aaA,..aaa..A.aa	HJH@GIHFGIJHJCD	~~~~~~~~~~~~~~~
chr20	44511257	G	9	a$A.aaa,A.	AGEIIGEHD	~~~~~~~~~
chr20	44512082	G	17	aa,,a,,,,,Aaaa.aA	JJIGFC<JJJGJJI8ED	~~~~~~~~~~~~~~~~~
chr20	44512996	c	12	......tttttt	>HIEIIDD7@80	~~~~~~~~~~~~
chr20	44515559	G	5	Aa.A^~.	IGJCC	~~~~~
chr20	44525368	g	74	<<>>>><>><<<<><<><<>>><<>><>>><><<<<<<<<<>><<<<<<><<>>>>>>><><<<<<<>>>CC,.	BFDCCCEHJIHJG;JJBIIGJHDIJJJ?JJGDFJGJFGGIJJGHHEEFDJHDIGHJI3JDJ@CCCDDFFFDDGF	~~~~~~~~~~~~~~~~~~~~~~~~~~~~~~~~~~~~~~~~~~~~~~~~~~~~~~~~~~~~~~~~~~~~~~~~~~
chr20	44576502	T	34	>.C..C.CC.,Ccc.Cc,ccccc,.ccc,cC,,c	FCCDdCC9JJJIHDIIHCDI>DDIIHDABDG92H	~~~~~~~~~~~~~~~~~~~~~~~~~~~~~~~~~~
chr20	44595649	g	18	<><>>><><<>><<>>>>	FDEEID@JI;I<AFHHHH	~~~~~~~~~~~~~~~~~~
chr20	44596545	G	24	AA.,aAAAAAA..A,,,a.aAA.,	gD0FDBB<DDD@BA2HH=JH:JFD	~~~~~~~~~~~~~~~~~~~~~~~~
chr20	44640225	A	2	gg	FJ	~~
chr20	44642833	A	4	,Ccc	FgD@	~~~~
chr20	44643111	G	1	,	J	~
chr20	44644965	G	5	.AA,.	DD=JF	~~~~~
chr20	44645010	C	2	Tt	?D	~~
chr20	44689630	T	1	.	F	~
chr20	44746982	T	220	.$.$..$C.CCC.CC...C.CC.CCCCCCCCCCC..CC.CC...CC.CCCCCC..CCC.CC...CCCC.....CCC.CC......C.C..C...C.....C..CCCCCC..C....CC..CCCC.CCC..CCC..C.C.C,CC..C.CCC..C..CCCCC.CCCC.CC.CCCCC..C..Cc..C..C.......c..C......CC..C.C...CC.CC.C^~.^~C	BBB@DDDDDDDD8DBDDD;BD3D/DDD@DD;7DDD?EDFEHHJAJJBIIJ<GJIJJJGIJJIIIJJJI?IIHJGJJIJJIIIJ?JDJJJJG@GJJIIGIIJJJIJJJGEA;HJGJEGJJ:JHJJJJIJIJ?JGBJJJDJHHDHHHHHHHHBHDHFFDFHHGHHHHFHHHHHAHHHHFAHF?HHG;ADFDFD@FDFFFFFFFFFFFFF@DFF8FFAFB1@?	~~~~~~~~~~~~~~~~~~~~~~~~~~~~~~~~~~~~~~~~~~~~~~~~~~~~~~~~~~~~~~~~~~~~~~~~~~~~~~~~~~~~~~~~~~~~~~~~~~~~~~~~~~~~~~~~~~~~~~~~~~~~~~~~~~~~~~~~~~~~~~~~~~~~~~~~~~~~~~~~~~~~~~~~~~~~~~~~~~~~~~~~~~~~~~~~~~~~~~~~~~~~~~~~~~~~~~~~~~~~
chr20	44981692	C	84	>><><<<><><>>>>>>>><><><><>>>>>>>><<<<<<><><>>>><><><>><<><>>><><>>><<<>>>>>>>><<>><	CDF?D:FFFH8GHIEFIGCIHHGJIIID;FGIIFJIJFIGHIDIJHJIIJIJJJIJHJHJHGIFIGBGGIIHHHDFHAFF@DFH	~~~~~~~~~~~~~~~~~~~~~~~~~~~~~~~~~~~~~~~~~~~~~~~~~~~~~~~~~~~~~~~~~~~~~~~~~~~~~~~~~~~~
chr20	45133767	C	8	><><>>t.	JJFHDFJF	~~~~~~~~
chr20	45134087	t	9	><><>>,GG	JJFHDF<IG	~~~~~~~~~
chr20	45134166	t	12	><><>>CC.ccc	JJFHDFIIJJFC	~~~~~~~~~~~~
chr20	45948289	T	14	><<><<<><<<<<<	HIJHH;IJIFI9HC	~~~~~~~~~~~~~~
chr20	45948447	A	14	><<><<<><<<<<<	HIJHH;IJIFI9HC	~~~~~~~~~~~~~~
chr20	46365636	C	5	T.,tT	GEB=B	~~~~~
chr20	47614665	g	12	<<<<>>>>><>.	FJ<GFIGGG<H7	~~~~~~~~~~~~
chr20	47713063	C	130	>Ttt.t.t,.tt,,t,.,tt,tt,t,t,ttTt,tttt,t,,,,t,,,t,t.t,tt,ttt..,ttttttttt,tt,t,Tt.tTT,TT,tTtt,tt,T,tTTTT...,t,T.,,,tt,tTTtT,,t.TTt^~.^~.	H=BDJFDHHGHBHFHHIGJJI:CJCHJJIHJJIJIIICJIHEJIIIIIHCJJIJJJJJBFIJ?JJJJEIGJJGJHF3IE4IIIFJDJHJIJGCGIHIEBIJJJIEHJ;III=:JIBIJIIGJGCFFFICC	~~~~~~~~~~~~~~~~~~~~~~~~~~~~~~~~~~~~~~~~~~~~~~~~~~~~~~~~~~~~~~~~~~~~~~~~~~~~~~~~~~~~~~~~~~~~~~~~~~~~~~~~~~~~~~~~~~~~~~~~~~~~~~~~~~
chr20	47731158	T	104	>.$,,cC,C.C..c,ccccc.CC.C.C,,..,cccCCCcC.CCC...C..cc,c.c,,Cc.,ccc.,c,Ccc,.cc,,,C,C...cc,ccc,cc..,,CCcc.c^~C	HA@@FDDBCD?DHJ;EJFGEHH>HEHJJJFGIGJ@IJJJIIJHIJGGGJI<IIHDHHJEGDCEAIEBDFBDDH=??DDDAFD@F?D>D;;DABCCC?@;DABDC	~~~~~~~~~~~~~~~~~~~~~~~~~~~~~~~~~~~~~~~~~~~~~~~~~~~~~~~~~~~~~~~~~~~~~~~~~~~~~~~~~~~~~~~~~~~~~~~~~~~~~~~~
chr20	47731228	A	126	>c$,$,c..,,CC$cc.cCC.C.c,.cc.CCCC.ccc,cC,,.c...C.,c,.c,.c,c.C,C,,cC.,,cC,,,,,.ccC.ccc,cCC.....c.c.,...,,..cC.C,,.CCc,,..CCcCC.^~C^~C^~,	H@@C@?D@@D@CC@FDDBDfHHBHADDDDBBDHJHIDEJBHDDFDFGGB;IEHGHFJD;<HF@JID@BIFBEDCG9AGGD>BCDJIIJJJH;FDGDJFGDCGH@GHH@CFAF>DCCC@@@C@@@?C	~~~~~~~~~~~~~~~~~~~~~~~~~~~~~~~~~~~~~~~~~~~~~~~~~~~~~~~~~~~~~~~~~~~~~~~~~~~~~~~~~~~~~~~~~~~~~~~~~~~~~~~~~~~~~~~~~~~~~~~~~~~~~~
chr20	47850614	a	100	>><<<<<<<<<<<<><<<<<<<>><><>><>><>><>>><>><>>>><<<<>>>><<>>><<><>>>>>>>><<<><<<<<<<>><<<<<><<<<<>>>t	BBFFHHF?HGFHHHBHHJGHHJBCJDJDCGFF;DDHFEFJGAHGCDGJJCIJIHHIGJIIAIICCCJJIEJ@JJI?JHCJJ7J7DH;GCGFEFFDCBFFJ	~~~~~~~~~~~~~~~~~~~~~~~~~~~~~~~~~~~~~~~~~~~~~~~~~~~~~~~~~~~~~~~~~~~~~~~~~~~~~~~~~~~~~~~~~~~~~~~~~~$~
chr20	47850757	t	101	>><<<<<<<<<<<<><<<<<<<>><><>><>><>><>>><>><>>>><<<<>>>><<>>><<><>>>>>>>><<<><<<<<<<>><<<<<><<<<<>>>GG	BBFFHHF?HGFHHHBHHJGHHJBCJDJDCGFF;DDHFEFJGAHGCDGJJCIJIHHIGJIIAIICCCJJIEJ@JJI?JHCJJ7J7DH;GCGFEFFDCBFFJF	~~~~~~~~~~~~~~~~~~~~~~~~~~~~~~~~~~~~~~~~~~~~~~~~~~~~~~~~~~~~~~~~~~~~~~~~~~~~~~~~~~~~~~~~~~~~~~~~~~$~~
chr20	47852349	t	82	<<<><<<>>>><>>>>>>>>>><<>><><<>>>>>>>><>><<<><<<><<>><>>><<<>>>><<<<<<<<<<<<><<<<.	DCFBFHGBDDDJ?DEBB=EH=BBGGBBEGJGH<CIA@GGIGFIFIGBHJFJIIFJJHFFFHHHHF9FDDCCDD=DD;D8BBF	~~~~~~~~~~~~~~~~~~~~~~~~~~~~~~~~~~~~~~~~~~~~~~~~~~~~~~~~~~~~~~~~~~~~~~~~~~~~~~~~~~
chr20	47852354	t	82	<<<><<<>>>><>>>>>>>>>><<>><><<>>>>>>>><>><<<><<<><<>><>>><<<>>>><<<<<<<<<<<<><<<<.	DCFBFHGBDDDJ?DEBB=EH=BBGGBBEGJGH<CIA@GGIGFIFIGBHJFJIIFJJHFFFHHHHF9FDDCCDD=DD;D8BBH	~~~~~~~~~~~~~~~~~~~~~~~~~~~~~~~~~~~~~~~~~~~~~~~~~~~~~~~~~~~~~~~~~~~~~~~~~~~~~~~~~~
chr20	47852822	G	80	>><<<>><><<<><<<<<><<<<<<<<<>><><<<<<>>><<<<<<<<>><>><>>>><<<<<<<><><>>>><<<<<<<	DBFHHD?JBHJHBIJJGBDJJJHIGIIJEGJJJJJJJDFDJJJHJCJIICBIIIEJDJIIHJ@GJJHHHHFFDE@EECCE	~~~~~~~~~~~~~~~~~~~~~~~~~~~~~~~~~~~~~~~~~~~~~~~~~~~~~~~~~~~~~~~~~~~~~~~~~~~~~~~~
chr20	47859217	G	116	><<,$,$,A,,,,AAAAAAAA.AAA,,A.,A..AAAAA.a..A.Aaa.,aa,Aa,AAa,.,aaAa.aAAaa..aaAa,Aa,aa,A,aaaaAaa,aaA,aAaAAAAA,AA,...AA..A	GC@BCC>CCCFGJJJA@JJ@HFEIDF9JJHJHJIEJIIHIHGFJ9JII:CJIIGEFIBGIIDF>CJIJ8IF@AJIGJ;JGIFH@@IGA9ICIGJJAHIGEJIIIIHAHGJGGHHBH	~~~~~~~~~~~~~~~~~~~~~~~~~~~~~~~~~~~~~~~~~~~~~~~~~~~~~~~~~~~~~~~~~~~~~~~~~~~~~~~~~~~~~~~~~~~~~~~~~~~~~~~~~~~~~~~~~~~~
chr20	47862450	T	8	<<...C.C	C@IIJHHH	~~~~~~~~
chr20	47865372	G	43	<<<,.a,AA,,AaA.aAAaA,..AA,AA,A,AaA.AA.AA.,^~,	C@ED6FF;kEIIHHBJGIJE@@DCGJI;HIJFJGGFADHDCBD	~~~~~~~~~~~~~~~~~~~~~~~~~~~~~~~~~~~~~~~~~~~
chr20	47865509	G	47	<<<a,aa,,A$..A..a.aA,.AaaA,a,aAa.,AA,AA,.Aa,A,^~a^~.	C@E@FFFFF@DDCE@EHI@EIGIGHDAG@JJIIJIIBFHHHFFDEE@	~~~~~~~~~~~~~~~~~~~~~~~~~~~~~~~~~~~~~~~~~~~~~~~
chr20	47872377	C	32	<g..G..G,,,,g.,ggg,g,,G..,ggG,,.	EFDCFHAGJJJJIDBJJIIJEBJGI=@>GDDC	~~~~~~~~~~~~~~~~~~~~~~~~~~~~~~~~
chr20	47886684	G	19	>,$,..aa.,,A.,aa,,..	JCFIbDD;DDII3D@DAAB	~~~~~~~~~~~~~~~~~~~
chr20	48506190	T	10	>C$,cC,C.,^~,	JmEJGBGH?D	~~~~~~~~~~
chr20	48506338	A	12	>GGGG...GG.G	JD8?JGGJJ@HC	~~~~~~~~~~~~
chr20	48507406	T	12	>c.c.cCC,C.^~c	JF>H;@HJIIJD	~~~~~~~~~~~~
chr20	48507781	G	10	>,.A,,aa.a	JCDDIGCFGD	~~~~~~~~~~
chr20	48507912	A	16	>Gg...,..,,G,..^~G	JBFECBDHJ=GJGHFB	~~~~~~~~~~~~~~~~
chr20	48520610	A	2	>.	JB	~~
chr20	48521878	A	44	>C$..CCC.C.C.c.,Cc.c.C.,cCCCccCccc,cc,,,cc,.^~C	JDDDDhDjDDDBF<FDFACFF?FHHHEJIIGEIJFGJHGGEFC@	~~~~~~~~~~~~~~~~~~~~~~~~~~~~~~~~~~~~~~~~~~~~
chr20	48522124	T	45	>Gg.g,,.GG,.GgG,.G.G...G.g,.Gg,g..,gg,,G,,,^~,^~G	JDFDHHHiA@HFFIEJHHHACHJ@I@>IIJDHHDFFDEDH5B?BC	~~~~~~~~~~~~~~~~~~~~~~~~~~~~~~~~~~~~~~~~~~~~~
chr20	48522330	G	24	>.,,A.a,,AaaA,.a,aA.,aAa	JBFF=7CH@BGF@AcB4DDFCCDA	~~~~~~~~~~~~~~~~~~~~~~~~
chr20	48568929	G	79	,.T.TttTT.,tTT,,.t,t,,tT.,tt,TT.TTTT..,.,,tT,,t.,,.Ttt,t.t..,T..,ttTt,,T,t,..t^~,	CDeFHHHGFjFGJJFJJJJFJIJJIECCFIGBAIFDII=IIIGDH?FJHGEGFFDFIEJHCII=DDCHDCDF@CC@@CD	~~~~~~~~~~~~~~~~~~~~~~~~~~~~~~~~~~~~~~~~~~~~~~~~~~~~~~~~~~~~~~~~~~~~~~~~~~~~~~~
chr20	48569127	G	60	A,,.AA,AA.aA.aA,aAAaaaA,..AAAa,,a,,A,..AA,,AAaaaa,aaaAaaa,^~A^~,	CFHIIIEFIJIGFIIGJGJIJI@IBGJ8JEHEFFEABGJJHE?HF;DDEAAECFDEA@@D	~~~~~~~~~~~~~~~~~~~~~~~~~~~~~~~~~~~~~~~~~~~~~~~~~~~~~~~~~~~~
chr20	48746189	C	59	<,TTTTTT.Tt,TT,,,,ttt,T.,,,tT.,.T.TTtT.T,T.TtT.ttTTtt,TTt,^~t	HCCDAEFFFHFHHFI6JHEJHJIJG88IJFIJGIG0IHCGI0G3;FIGB9HFDDH3D8A	~~~~~~~~~~~~~~~~~~~~~~~~~~~~~~~~~~~~~~~~~~~~~~~~~~~~~~~~~~~
chr20	48808011	C	2	<,	HJ	~~
chr20	49354598	A	3	g..	HIH	~~~
chr20	49366491	C	2	,.	JH	~~
chr20	49367076	T	1	G	I	~
chr20	49367097	T	1	C	G	~
chr20	49369491	C	10	.,Tt,,TTTt	JJJGJGHHGJ	~~~~~~~~~~
chr20	50005736	G	11	,$c.C,cC,,..	CF>DIJII:FD	~~~~~~~~~~~
chr20	50006322	C	1	a	J	~
chr20	50007215	T	5	c.c.,	JCJ=C	~~~~~
chr20	50092027	T	1	^~G	@	~
chr20	52184384	t	58	>,$AaA,A..a..,AAA,,,,aA,,,Aa,aAA,.A.,,,aa.aA,,AAaa.,,A,,.,a	>CdCBFDABJDDAD;BHJJJCFJBDHJGGIGBG<GJHGHFFIIJJ6B;IBJIDEJBG@	~~~~~~~~~~~~~~~~~~~~~~~~~~~~~~~~~~~~~~~~~~~~~~~~~~~~~~~~~~
chr20	52184944	C	71	>,$,$,$t.,,.,TTT,.T,,.,.T.T.T.TTTT.T..TT..T.TT,,,,t,t,t.t..,t.TTt,T,,,tt^~,^~t	>CCCIEFIII@G@JGIICHIJIJGJA?@IGG00J0IDJF?DCFGIIJGHDI>IJJIJJGJGGJGEDJEAJG	~~~~~~~~~~~~~~~~~~~~~~~~~~~~~~~~~~~~~~~~~~~~~~~~~~~~~~~~~~~~~~~~~~~~~~~
chr20	52192595	C	43	.,t.ttT.TT.ttttTTT.,T,.TT.T,.Tt,t,.,,,T.^~.^~,^~T	ECDFDHIJJEIBJJJIGJ9CDJJJEJHBJICBDDBBDDC@CBC	~~~~~~~~~~~~~~~~~~~~~~~~~~~~~~~~~~~~~~~~~~~
chr20	52192637	T	55	C$,C,.CC.C,.Cc,c,.,,,C..,C,.c,ccC.C..c.,,,cC....CC....^~.^~C	D@?FDFDDEHFHGHHJ=JIGGFIAIGGHHIJIJGIECED>??HFHHHFF@8C@@B	~~~~~~~~~~~~~~~~~~~~~~~~~~~~~~~~~~~~~~~~~~~~~~~~~~~~~~~
chr20	52193088	C	48	.$.$.Ttt,,T,tt.....T..T.....,TTtTt,,t.t,,,T.TTt,,^~,	CDDEFFDGEJIIDCEHHCHDIJGJC;JIFFIIJJJIJJ@IHJIH=IJA	~~~~~~~~~~~~~~~~~~~~~~~~~~~~~~~~~~~~~~~~~~~~~~~~
chr20	52553882	C	1	>	J	~
chr20	52553884	C	1	>	J	~
chr20	52554358	A	2	><	IH	~~
chr20	52555977	T	3	><,	IH>	~~~
chr20	52556084	T	3	><,	IH@	~~~
chr20	52556423	a	3	><g	IHI	~~~
chr20	52556962	C	7	><T.t,t	IHEJC8J	~~~~~~~
chr20	52557187	G	3	<aa	BII	~~~
chr20	52561469	A	6	,,gG.G	FIJIHF	~~~~~~
chr20	54961463	T	82	.C,.,.,ccc.C,c,C,c,.,,c,,..C.CC,,.,,c,c,,,,.,ccC,,....CC.,c.,,.,,,cCCC.cc,C,CC,C^~C^~,	BEFFHDHJJJG@FJJIFIGk<HJGHE@G9BIJHGIJJJ@GFIGEIGEDJGJHGIGIFBIJGJJJ<EDJH;F>DBFDFDCF@D	~~~~~~~~~~~~~~~~~~~~~~~~~~~~~~~~~~~~~~~~~~~~~~~~~~~~~~~~~~~~~~~~~~~~~~~~~~~~~~~~~~
chr20	54979035	G	64	<<A$.aaaA,,a.,.aaaAaa,A......A..AA.Aa,,,,a,a,Aa.Aa.,AA,A,,,Aa,aa,	IHGmDFDEDFFJHoIJHIFCGJ4JJEFIEJJJI<JJFJGEIIIJIGHJJIIJHHDGHHD@HGBF	~~~~~~~~~~~~~~~~~~~~~~~~~~~~~~~~~~~~~~~~~~~~~~~~~~~~~~~~~~~~~~~~
chr20	55933612	G	82	<<<<<<<><>>><<<>><<>><>>>>><>>>>><>><>><<<<><><<<>><<<<<<<<<<<<<<<<>>><<<<<><><<<<	FFFFFFFH=JII3JIIJJGF=GJGIIHIBJFHIJII;HGBJGIG?JGFFFBCJJJFJJIHHF@FCHJJG?JGIIJFHFD;;F	~~~~~~~~~~~~~~~~~~~~~~~~~~~~~~~~~~~~~~~~~~~~~~~~~~~~~~~~~~~~~~~~~~~~~~~~~~~~~~~~~~
chr20	55933640	C	82	<<<<<<<><>>><<<>><<>><>>>>><>>>>><>><>><<<<><><<<>><<<<<<<<<<<<<<<<>>><<<<<><><<<<	FFFFFFFH=JII3JIIJJGF=GJGIIHIBJFHIJII;HGBJGIG?JGFFFBCJJJFJJIHHF@FCHJJG?JGIIJFHFD;;F	~~~~~~~~~~~~~~~~~~~~~~~~~~~~~~~~~~~~~~~~~~~~~~~~~~~~~~~~~~~~~~~~~~~~~~~~~~~~~~~~~~
chr20	55933954	A	82	<<<<<<<><>>><<<>><<>><>>>>><>>>>><>><>><<<<><><<<>><<<<<<<<<<<<<<<<>>><<<<<><><<<<	FFFFFFFH=JII3JIIJJGF=GJGIIHIBJFHIJII;HGBJGIG?JGFFFBCJJJFJJIHHF@FCHJJG?JGIIJFHFD;;F	~~~~~~~~~~~~~~~~~~~~~~~~~~~~~~~~~~~~~~~~~~~~~~~~~~~~~~~~~~~~~~~~~~~~~~~~~~~~~~~~~~
chr20	55933957	C	82	<<<<<<<><>>><<<>><<>><>>>>><>>>>><>><>><<<<><><<<>><<<<<<<<<<<<<<<<>>><<<<<><><<<<	FFFFFFFH=JII3JIIJJGF=GJGIIHIBJFHIJII;HGBJGIG?JGFFFBCJJJFJJIHHF@FCHJJG?JGIIJFHFD;;F	~~~~~~~~~~~~~~~~~~~~~~~~~~~~~~~~~~~~~~~~~~~~~~~~~~~~~~~~~~~~~~~~~~~~~~~~~~~~~~~~~~
chr20	55934083	T	82	<<<<<<<><>>><<<>><<>><>>>>><>>>>><>><>><<<<><><<<>><<<<<<<<<<<<<<<<>>><<<<<><><<<<	FFFFFFFH=JII3JIIJJGF=GJGIIHIBJFHIJII;HGBJGIG?JGFFFBCJJJFJJIHHF@FCHJJG?JGIIJFHFD;;F	~~~~~~~~~~~~~~~~~~~~~~~~~~~~~~~~~~~~~~~~~~~~~~~~~~~~~~~~~~~~~~~~~~~~~~~~~~~~~~~~~~
chr20	55934424	C	82	<<<<<<<><>>><<<>><<>><>>>>><>>>>><>><>><<<<><><<<>><<<<<<<<<<<<<<<<>>><<<<<><><<<<	FFFFFFFH=JII3JIIJJGF=GJGIIHIBJFHIJII;HGBJGIG?JGFFFBCJJJFJJIHHF@FCHJJG?JGIIJFHFD;;F	~~~~~~~~~~~~~~~~~~~~~~~~~~~~~~~~~~~~~~~~~~~~~~~~~~~~~~~~~~~~~~~~~~~~~~~~~~~~~~~~~~
chr20	55934759	G	82	<<<<<<<><>>><<<>><<>><>>>>><>>>>><>><>><<<<><><<<>><<<<<<<<<<<<<<<<>>><<<<<><><<<<	FFFFFFFH=JII3JIIJJGF=GJGIIHIBJFHIJII;HGBJGIG?JGFFFBCJJJFJJIHHF@FCHJJG?JGIIJFHFD;;F	~~~~~~~~~~~~~~~~~~~~~~~~~~~~~~~~~~~~~~~~~~~~~~~~~~~~~~~~~~~~~~~~~~~~~~~~~~~~~~~~~~
chr20	55946496	c	74	>>>><><<>>><<><<<<<<<>>><<<<<<<><><<<<<<<>>>>>>><<<>>>>>>><><<<<<<>><<><<.	3IJH?ID8=JJHGGHHFGHHJIJAGHJEJICHJJHIJJJ?JCJJJJIJJJHIJJHIIJHH8FFEC<FFD8FDDJ	~~~~~~~~~~~~~~~~~~~~~~~~~~~~~~~~~~~~~~~~~~~~~~~~~~~~~~~~~~~~~~~~~~~~~~~~~~
chr20	55946894	g	75	>>>><><<>>><<><<<<<<<>>><<<<<<<><><<<<<<<>>>>>>><<<>>>>>>><><<<<<<>><<><<..	3IJH?ID8=JJHGGHHFGHHJIJAGHJEJICHJJHIJJJ?JCJJJJIJJJHIJJHIIJHH8FFEC<FFD8FDD:H	~~~~~~~~~~~~~~~~~~~~~~~~~~~~~~~~~~~~~~~~~~~~~~~~~~~~~~~~~~~~~~~~~~~~~~~~~~~
chr20	55947279	G	77	>>>><><<>>><<><<<<<<<>>><<<<<<<><><<<<<<<>>>>>>><<<>>>>>>><><<<<<<>><<><<..aa	3IJH?ID8=JJHGGHHFGHHJIJAGHJEJICHJJHIJJJ?JCJJJJIJJJHIJJHIIJHH8FFEC<FFD8FDDJICD	~~~~~~~~~~~~~~~~~~~~~~~~~~~~~~~~~~~~~~~~~~~~~~~~~~~~~~~~~~~~~~~~~~~~~~~~~~~~~
chr20	56073281	C	1	>	H	~
chr20	56099114	C	1	g	H	~
chr20	56179422	C	6	,.aaA.	FIC9HF	~~~~~~
chr20	56179586	G	6	,A,.a,	@EF?D@	~~~~~~
chr20	56195349	C	11	.T,t,,t,.t,	DH@H>HGIF7<	~~~~~~~~~~~
chr20	56818055	T	4	>>>>	FJIH	~~~~
chr20	56937243	A	8	..g.g.,.	EJFJ>II@	~~~~~~~~
chr20	56937867	C	2	t.	HH	~~
chr20	56938033	T	8	.G,gGG.G	?JIJGFFC	~~~~~~~~
chr20	56940668	A	8	,g,,,.,G	IHGJHJHJ	~~~~~~~~
chr20	56941286	C	13	..A.aAa,,..,^~.	DGIFIIFDHIHD@	~~~~~~~~~~~~~
chr20	56942082	A	9	T,t,,t.,t	IJGIJHGJC	~~~~~~~~~
chr20	56942312	C	18	,,,tt,,,,,t..T.T,,	DHJIIIJGJJIIGHJEIH	~~~~~~~~~~~~~~~~~~
chr20	56942520	G	4	aa,a	CFFJ	~~~~
chr20	56942557	A	1	g	H	~
chr20	57244493	G	103	>><<<<>>>><<<>>.$.$a.A,,Aa,...a,a,AA,AA,A..A,A,aaaaaaaA.aAA.,,,a,.,a..A.,Aa.A,,a,a,,aA..a,AA...,,,.AAA.^~.^~A	AJJ?JJIFJJJH>ID?CCCDFFDF?DDDJBIJ?DIEBJAFDDEJJHGJJIEHJEGHIJGJIGHGJHIJGJHJBJJJJJIAHIIHIJH7HDHHHHFDDDFFF@C	~~~~~~~~~~~~~~~~~~~~~~~~~~~~~~~~~~~~~~~~~~~~~~~~~~~~~~~~~~~~~~~~~~~~~~~~~~~~~~~~~~~~~~~~~~~~~~~~~~~~~~~
chr20	57253072	A	147	<>>>><>><><c$T$g$,$.T.T.t.Tt.TT.,,,.T.,t,,,.t,,.T.TTt,ttt,,,t.ttt,.t..,T,TTtT,TTTTTt.T...T..TT.T,....TT...T,TT.,.,.TttTT,..,TT,.,,T,.T,..T,TTTT..,.,.Tt	?FGGGFJJEJJCCB@_mgEgFEnDEFDIGHHE?EJJJEHHDII>JJIGJJJIJHGJJHJBICHII@?@JIBEHJJJJHIIJCIFIH1JJCED>HHJ@HFAFJJHJJDIH=IIIEJJJIJJHJICIHJHAFGHHHBH;FFFFDAECCD	~~~~~~~~~~~~~~~~~~~~~~~~~~~~~~~~~~~~~~~~~~~~~~~~~~~~~~~~~~~~~~~~~~~~~~~~~~~~~~~~~~~~~~~~~~~~~~~~~~~~~~~~~~~~~~~~~~~~~~~~~~~~~~~~~~~~~~~~~~~~~~~~~~~
chr20	57253132	A	146	<>>>><>><><g$.$gG.gGG.g...,GGgGggG.,gGg.G.,gg,ggg,,g,,,g,,G,.G....G.,GGG.GGg.,,,gG..Gg.GG.G.G,,G,.g,g,,,,,,g..g...G..G,,.G...,gg..g,GGGGgg.GG.G.,.G^~,	?FGGGFJJEJJ@HCGEFHJJFJ;JHJIDJ>FIEIJJIEIEIIJHHIH@EIJJJJJ<EHInGGJEGIIJGGG6FJJJIGIDJJIBEIIJJ:JIIJIEDCB?ECAIGJGEB9FCIJJAFGIJHIGIJIJGJ=FIqHJG<HHH?HBDFD	~~~~~~~~~~~~~~~~~~~~~~~~~~~~~~~~~~~~~~~~~~~~~~~~~~~~~~~~~~~~~~~~~~~~~~~~~~~~~~~~~~~~~~~~~~~~~~~~~~~~~~~~~~~~~~~~~~~~~~~~~~~~~~~~~~~~~~~~~~~~~~~~~~
chr20	57253404	G	84	<>>>><>><><AA$,,,aa,,,aa.aAaAa..aaA.....aAaaAa,.A,aa,a,aaaaaa.a,,a,aa,,,a..aA..,A.,,,	?FGGGFJJEJJCgFFFJIJJJJJGJCBJJIJGIJJGHJIA8DJIIE?IIIJDFFJGJHG@AJIJHHJGE>GEBJEF;F3FCDDD	~~~~~~~~~~~~~~~~~~~~~~~~~~~~~~~~~~~~~~~~~~~~~~~~~~~~~~~~~~~~~~~~~~~~~~~~~~~~~~~~~~~~
chr20	57266592	C	8	<>>>>>><	?FGGJJJJ	~~~~~~~~
chr20	57266781	C	9	<T...T.,t	?CIBIGJJD	~~~~~~~~~
chr20	57268867	C	35	<,.Aa.,,AAAA..AA...,AaA.,.,,.Aaa.aA	?CDDFDHHDFFEDHEHE@HJI;?IIHJDIJC@ICH	~~~~~~~~~~~~~~~~~~~~~~~~~~~~~~~~~~~
chr20	57280575	T	33	<>><><<<><<><<<>><<<<<<<C<><<<<<>	?BDDBHHIHE:IGGHFIB??HFHJHCG@4>CC?	~~~~~~~~~~~~~~~~~~~~~~~~~~~~~~~~~
chr20	57288744	G	41	<<<<<<>>>>>>>>>>><<><<<>>>>>>>>..A.A.AA.a	?FHIGJFFGGI@FGCJJ?EIDDCIHGHHDFDHJIJIJFGHD	~~~~~~~~~~~~~~~~~~~~~~~~~~~~~$~~~~~~~~~~~
chr20	57290705	T	21	<.,C,CC.C,....,,CC.,c	?iDDDHEAEG?@H@GGGIIDD	~~~~~~~~~~~~~~~~~~~~~
chr20	57290846	C	17	<,,t,ttt,,,,,,t,,	?C@HDICJJ@JJJGIDB	~~~~~~~~~~~~~~~~~
chr20	57565943	G	67	>><><><<<>>>>>>>>>><><<<<>>>>>>>>>>>><<<>>>><><><<><<><>>>>>>>cC.c.	JDFCHCGHHCCDCAC;CDFIEJJJJ=JBBJIE?HBDJH?GJCJEAHIJHJF>HJEHHFDDBDJIGHF	~~~~~~~~~~~~~~~~~~~~~~~~~~~~~~~~~~~~~~~~~~~~~~~~~~~~~~~~~~~~~~~~~~~
chr20	57566637	C	100	<<><>>><>><<><<<<<>>><<<><<<>><>>>><>>>>>>><>>>>>>><><<<><<<<>>>><<<>><<>>><><>><<<<>>>><><<<>><t,tt	C@DDDDDFC>FDEHFHHHAEEHJHFJJHCFIFAHEHEEHHGHIJEFJFAIEIE<FJJIHICFDD:FIIDFF:EGEEI=GAHIFGEJEJI;HJIDFFJJJJ	~~~~~~~~~~~~~~~~~~~~~~~~~~~~~~~~~~~~~~~~~~~~~~~~~~~~~~~~~~~~~~~~~~~~~~~~~~~~~~~~~~~~~~~~~~~~~~~~~~~~
chr20	57569816	G	145	t,t,,TTT,.TT.TTT.TTTTT,t,,,t..TT.T,,,,TttT,,t,T.,ttT,t.,tTt.t...T.,TT.Tt.tT,Tt.TT.T..tTttTt,,T,tt,,tTt,Tt,tTt..TTTtTTt,.ttT.TtT,tt,,.tT,.,....T^~T^~t	CC@CCFEFFFFHFHIIHIIHHJIJJAGJEAIJJGJJGJJJJG;EJJIGIIJIG<GIJIJ:J<JBIGJGJEGI?IJGFGGGJBJJGEACHJJFIJH>EJJIJIJJJIJGEIEIJJ@IJCHHGHHHHEHFFFFFFDDDDFFFBC<CB	~~~~~~~~~~~~~~~~~~~~~~~~~~~~~~~~~~~~~~~~~~~~~~~~~~~~~~~~~~~~~~~~~~~~~~~~~~~~~~~~~~~~~~~~~~~~~~~~~~~~~~~~~~~~~~~~~~~~~~~~~~~~~~~~~~~~~~~~~~~~~~~~~
chr20	57569860	C	155	,$G...GG,,,.,gg.g,,gg,.,g.,g,.,GG...,..,gG,,.G.,.g,,ggG,.gGgGGGG.G,g.,......,GG.,.G,,G,g.GG,.,,g.G.G,,g,g,ggg.g...GG.G,.Gg.G,,.GG,.G.g.G,.GGGGG...G.,G..g^~G^~G^~G	BCDmCCAB;DDFFFCFFDHHAEIJEEBICJCCFFDHFDFJEGJFDCIHJGJJHFIAICEHEHI=GBD@IJJJ@JI<IBDCIIIGIGIIIIJJHIGJHJJHDIJJGFIIH9IC2JIFEGJEIFHHDFHH7FDFJFFJFFF=FFFFFF?JBCCH@@B	~~~~~~~~~~~~~~~~~~~~~~~~~~~~~~~~~~~~~~~~~~~~~~~~~~~~~~~~~~~~~~~~~~~~~~~~~~~~~~~~~~~~~~~~~~~~~~~~~~~~~~~~~~~~~~~~~~~~~~~~~~~~~~~~~~~~~~~~~~~~~~~~~~~~~~~~~~~
chr20	57570568	G	306	..a,,aAa,,,aaaAa,.AA,,aaa,aa,a,aA,aa,a,aa.Aaa,aa,.,,aa..A.a,aaaaaaaaa,,..A..AaAAAAAa..Aaaa.a.Aaa..,.A..,,,a..Aa.,A,.a.A,,,Aa.A.aA...aAaAAa,AaaAaAa,AA,..A.AA.aAAAAAAAAA.aA.A.A..a...A.A.$.A.A......aaAAAA....A....A.AAA.,.AaAA.a.,aa.a,.aa,,aa,,..aaAaaaAAA,A,Aaa.a,,A.AA,AA,.AAaa,,AA.aAAaAA,,A,A,aAaaA,aA.,Aa^~,^~T^~.^~a	DDCCCFHFDFFDBDH=FE7IGHACDHBHFBDC@HCFHFHDDHNFCJBIJIFBFG=CHFEI2GH;CDIE<IGIGFFHGDGHJ<@HH8FGBHHGDBH88IDIDJIIJJBIHJCHIFIDDlGGJHJFFEICCDFF8GBGI@GDF?IFD8GIEGDIIGDDHFDGHIIGDH?EHHGkFHBF=IIJDII3B?HIJHI6IJ2ADGI?HDGGIH<IGGDIG@IIDGFGJDCH8E?@=EI=@HBA?<FIE@FJ62HH?H=9DH=GF;B:HCJJBAJ:HHH6?@=HHH5HF5FF@DDHF?5D<BF;2FDD@A?@C?	~~~~~~~~~~~~~~~~~~~~~~~~~~~~~~~~~~~~~~~~~~~~~~~~~~~~~~~~~~~~~~~~~~~~~~~~~~~~~~~~~~~~~~~~~~~~~~~~~~~~~~~~~~~~~~~~~~~~~~~~~~~~~~~~~~~~~~~~~~~~~~~~~~~~~~~~~~~~~~~~~~~~~~~~~~~~~~~~~~~~~~~~~~~~~~~~~~~~~~~~~~~~~~~~~~~~~~~~~~~~~~~~~~~~~~~~~~~~~~~~~~~~~~~~~~~~~~~~~~~~~~~~~~~~~~~~~~~~~~~~~~~~~~~~~~~~~~~~~~~~~~~~~~
chr20	57571763	A	231	>>><>G$.$G<GG.g$..GGG.g$...GGG.GTG..,.,,gGggG.,....G.g,,gggG..,G,G.,.g..GG..,GGGG.G..G..G...Gg,g,g,G.G.G..,G.gggg,,,ggg.,..g.,gggg...G.,,.,.,gGGGG...G,GGggGg,g.GgggG.G...GGG.....G.gG,G..G.,.GGgG..GG.G..GG,g..,,,g..g.G.G...gG.GGG.G^~G^~g^~g^~.^~G	ICJ@FDBD>BCD@DCDDDE?FDF=FFFEFFFC@DHHHFGFFEHiEFHFjGDJJGJI=JJ5JAJJBIFF@GIJIIG6GCIGGGJGJGFJJICJJJJIHAIHIJFDIEIIJIJFFJJJICIIGEAEJJGIIJJHHIGJAIHIGEHG;GJJGBGI?IGIFH?IGJJ<JGJAJJFBIJJJFJ@EJGJJCJIHEIF@HHHHHBDHFBHH@ECEDDDHHHFDFFEFECCC@CCC?@C	~~~~~~~~~~~~~~~~~~~~~~~~~~~~~~~~~~~~~~~~~~~~~~~~~~~~~~~~~~~~~~~~~~~~~~~~~~~~~~~~~~~~~~~~~~~~~~~~~~~~~~~~~~~~~~~~~~~~~~~~~~~~~~~~~~~~~~~~~~~~~~~~~~~~~~~~~~~~~~~~~~~~~~~~~~~~~~~~~~~~~~~~~~~~~~~~~~~~~~~~~~~~~~~~~~~~~~~~~~~~~~~~~~~~~~~
chr20	57602583	C	2	>t	JA	~~
chr20	57829301	T	1	,	G	~
chr20	57832522	T	1	a	F	~
chr20	60509209	C	1	<	E	~
chr20	60772288	a	53	>>>>>>>><<>>><>><<>>>>>>><><<>><<<><><><<<<<><<<<<>C.	AC>CDACCGJAAI@FDCFHHIHBHFDHCCGF:CDFCHDADD>@DACDDCDDDD	~~~~~~~~~~~~~~~~~~~~~~~~~~~~~~~~~~~~~~~~~~~~~~~~~~~~~
chr20	60772393	c	52	>>>>>>>><<>>><>><<>>>>>>><><<>><<<><><><<<<<><<<<<>g	AC>CDACCGJAAI@FDCFHHIHBHFDHCCGF:CDFCHDADD>@DACDDCDDG	~~~~~~~~~~~~~~~~~~~~~~~~~~~~~~~~~~~~~~~~~~~~~~~~~~~~
chr20	60772440	g	52	>>>>>>>><<>>><>><<>>>>>>><><<>><<<><><><<<<<><<<<<>a	AC>CDACCGJAAI@FDCFHHIHBHFDHCCGF:CDFCHDADD>@DACDDCDDI	~~~~~~~~~~~~~~~~~~~~~~~~~~~~~~~~~~~~~~~~~~~~~~~~~~~~
chr20	60772444	c	52	>>>>>>>><<>>><>><<>>>>>>><><<>><<<><><><<<<<><<<<<>t	AC>CDACCGJAAI@FDCFHHIHBHFDHCCGF:CDFCHDADD>@DACDDCDDG	~~~~~~~~~~~~~~~~~~~~~~~~~~~~~~~~~~~~~~~~~~~~~~~~~~~~
chr20	60772583	G	51	>>>>>>>><<>>><>><<>>>>>>><><<>><<<><><><<<<<><<<<<>	AC>CDACCGJAAI@FDCFHHIHBHFDHCCGF:CDFCHDADD>@DACDDCDD	~~~~~~~~~~~~~~~~~~~~~~~~~~~~~~~~~~~~~~~~~~~~~~~~~~~
chr20	60791422	C	1	>	A	~
chr20	60883273	A	196	>><<<>><>><>>>>><>>>>>>>>>><<<<<<<><><<<><>>>>>>>><<><<>>>>>>>><>>>>>><>>>><><<>><><<>>>>><>>>><><><<<<<<><><<>>>>>><<<<><<<>>>>>>>>>><<<>>>>>>>>>><<>>>>>>>>>>>.>>><>><>><<><><>><<>>>><>><><>>>>>.	AC>DDB?FBDBDD?DBHDDDA<D<CDD@DJJHHIDIDIGJBIC2DDCACCBJBJIHEIGI=IJJHGIHEGI=DGIH8JHJ8GEIIJHJICGJJGJDICJ=EEEI;FCHDE8I3CIIBC7GIDDDJJJEGIJF:ED@DIFIJI:GBC;BDJIIJJIJJIJI@GFID<G<DHDDFDD?GHDDDFAD1:DBDBFDFAD=	~~~~~~~~~~~~~~~~~~~~~~~~~~~~~~~~~~~~~~~~~~~~~~~~~~~~~~~~~~~~~~~~~~~~~~~~~~~~~~~~~~~~~~~~~~~~~~~~~~~~~~~~~~~~~~~~~~~~~~~~~~~~~~~~~~~~~~~~~~~~~~~~~~~~~~~~~~~~~~~~~~~~~~~~~~~~~~~~~~~~~~~~~~~~~~~~~~~~
chr20	60883938	A	2	>>	AC	~~
chr20	60963055	T	1380	<><><>><<<<<<<<<<<<<<<<<<<<<<<<<<<<<<<<<<<<<<<<<<><<<<<<<><><<<<<<<<<<<<<<<<<<><<<<<<<<<<<<<<<<<<<<<><<<>>><<<<>>>>><>>>><>>>>><<<><<>><><><<<><<<<><<<<><>><<<<><><>>><>>>><<>>><<>>>>>>>>><<><>>><<<<<<<<<<<><<<<><<<<<><<<><<<<<<<<<<<<<>><<<<<<<<>><><<<><><>>><<<<<>><<<<<><>><><><><<<<>><>><>>><<<>><<>><><><><>><>><<>>>>>>>>><<<<><>>>>>><><<<<<><<>>>>>>>><>>>>>>>>><>>>>>><><><<>>>>>>><>>>>><><<>><<<<<>>>>>>>>>>>>><>><>><<<<>><>>><<><><<<><<<><<<>>>>>>>>>>>>>>>>>>>>>>>>>><>>>>>>>>>><<<<<>><<>>>>>>>>>>>>>>>>><<<<<<>><<<<<><>>>>>><<<<<<><<<<<<<<<<<<<<><<><<<<<><><<<<<><>><><<><<<<<<<<<<<<<><<<<<<<<<<<<<<<><<<<<<>>><><<<<<<<<<<<<<<<<<<<<<<<<<<<<<<<<<><<<<<<<<<<<<<<<<<<<<<<<<<<<<<<<<<<<<<<<<<<<<<<<<<<<<<<<<<<<<<<<<<<<<<<><<<<<<<<<<<<<<<><<<<<<<<<<<<<<<<<<<<>><><><<<<<<<<<<<<<<<<<<<<<<<<><<<<<<<<<<<<<<<<<<<<<<<<<<<<<<<<<<<<<<<<<<<<<<<<<<<<<<<<<<<<<<<<<<<<<<<<<<<<<<<<><><<><<><<<<<<<<<<<<<<<<<<><<<<<<<<<<<<<<<<<<<<<<<<<<<<<<<<<<<<<<<<<<<<<<<<<<<<<<<<<<<<<<<><<<<<<<<<<<><<<<<<<<<<<<<<<<<<<<<<<<<<<<<<<<<<<<<<<<<<<<<<<<<<<<<<<<<<<<<><<<<<<<<<<<<<<><<<<<<<<<<<<<<<<<<<<<<<<<<<<<<<<<<<<<<<<<<<<<<<<<<<<<<<<<<<<<<<<<<<<<><<<<<<<<<<<<<<<<<<<<<<<<<><<>><<<<<><<<><<<<<<<<<<<<<<<<<<<<<<<<<<<<<<<<<<<<<<<<<<<<<<<<<<<<<<<<<<<<<<<<<<<<<<<<<<<<<<<<<<<<<<<<<<<<<<<<<<<<<<<<<<<<<<<<<<<<<<<<<<<<<<<<<<<<<<<<<<<<<<<<<<<<<<<<<<<<<<<<<<<<<<<<<<<<<<<<<<<<<<<<<<<<<<<<<<<<<<<<<<<<<<<CCc..CcC,^~c	JBJFGGHJHIE?HJJGHEDJJ?JI@EGFFE@EDDECC@@CC@@@@?C@@B@CC?@CCDCD;FFDFFDFFBDFFFFFFFDFFFFDFFFFF:FFFDFFFFFFDFBFBBBFFFDDDD?BFDDBBDDDB@D?DFBFADDFDDDDFFBDDFF@FFDFDFDDDFFF?B?FD?B2DDBDBFBDDFFDDBDDD?DDDH?DDD5HHHFHGHFGHHDHHHH@HA3HHDDDHDHBHHHHHDDHHHHDDFHHGFHFGDDHBGHH@GBHDBBHGF?FDDH;AHHDBBBFDHDHBFHHH?DH@DHDDDHDHBBHH@@HDFB3DHDDHD@:ABDDD=DBBDDJHJ?IBD?DDBI=HIBGBCJJDDDBDD?DJ?DCBDDBDBIBDDDDDIDFD@GHDDDDDDIFEF;EIFIIF52?B@GDEFA?EEFFBFFDEHHJHEJIA?;;GHEEEEHGHIJJEFJHHJ:JEHEEHHHCCIHIJ5HGHJJEGJIIGI3IGJ@IIIGJ5DGGJDCAAGIJ@ICICIIIG>;DJ1JJ@HJIJBJGHHGJIJHIIHIJFIHJJJJJG;HIIIJHJJJIIGI@IIIJI@J9JHJHJIBIIGJIEBJJAIGIJIID?JIBIDHHGFJJGEJFHIGCEIJIHJHJFFIFJHHJGGGIJCIJJHCJJGIJD<JGHIIIH=HDHIIICJJBG8=HGJGD=FHCFJB=HIGJJIGIEEIIHJIIHGIIJFGJCIHIIGJEHHIICDJHIHJI@CJCIIJIIJHJGBGIIJIIJH=IA@GGGJIG=III@FHDIJ=JJJIIGIIDIIJJIIHJJJFIIGGIHCJJHJJIGJGE>IJIJEIJCJIJHIHIJJHG@EJJJCJHHJGHDJJCHIJHG=CEIJ@CGJEII=JIJJIIGJJ;IJIDGHGGJJJDJIEIGHHHHEHHHHEGHHHHH=HGHHHGCFHHHC?H=HH@?HC@HHHHGGHHHHGH=@HFHEHEHHEFEEEHHFHGH=HEE2HEHEHH>HEHHHGEGHFHHCFHHHH=FAHGH>HDFHHHHGFEFFAFEHAFFFFFAFFFFFFDFFFDFFFDDFFHEFFF?FF;FEFFDFBEE?9FHFFFF?;FFEEFFDFFFFFEFBBFF6FFDF@DFEFEFFEFDFFFFFFFBDBFFE>BBBF?EBFFEBFFDFDD@BDFB?FFFFFEEFBFFFFEDDDEFFDFFFFFFFFFFDFEFFFFF@FFBBDFF;BFFFF?FFFFFFDF;FFDFEFFFF9FFEEFEB=@FFFFFFFFFFEEEEEDEE6EE@ECDEECEEEE@CEAE>ECEDEED@EECDE;ECEAEECDDEEE@EEEFEECEDECEEEBEEE@EEECEEEBEEEEEEEEEEEDEEFEBAEEEECDBEEDDBEA>EEFDEEEECEE@EBEEEEEE>CEEEEEEA>E;ECEHEBiHGAC	~~~~~~~~~~~~~~~~~~~~~~~~~~~$~~~~~~~~~~~~$~~~~~~~~~~~~~~~~~~~~~~~~~~~~~~~~~~~~~~~~~~~~~~~$~~~~~~~~~~~~~~~~~~~~~~~~~~~~~~~~~~~~~~~~~~~~~~~~~~~~~~~~~~~~~~~~~~~~~~$~~~~~~~~~~~~~~~~~~~~~~~~~~~~~~~~~~~~~~~~~~~~~~~~~~~~~~$$~~~~~~~~~~~~~~~~~~~~~~~$~~~~~~~~~~~~~~~~~~~~~~~~~~~~$~~~~~~~~~~~~~~~~~~~~~~~~~~~~~~~~~~~~~~~~~~~~~~~~~~~~~~~~~~~~~~~~~~~~~~~~~~~~~~~~~~~~~~~~~~~~~~~~~~~~~~~~~~~~~~~~~~~~~~~~~~~~~~~~~~~~~~~~~~~~~~~~~~~~~~~~~$~~~~~~~~~~~~~~~~~~~~~~~~~~~~~~~~~~~~~~~~~~~~~~~~~~~~~~~~~~~~~~~~~~~~~~~~~~~~~~~~~~~~~~~~~~~~~~~~~~~~~~~~~~~~~~~~~~~~~~~~~~~~~~~~~~~~~~~~~~~~~~~~~~~~~~~~~~~~~~~~~~~~~~~~~~~~~~~~~~~~~~~~~~~~~~~~~~~~~~~~~~~~~~~~~~~~~~~~~~~~~~~~~~~~~~~~~~~~~~~~~~~~~~~~~~~~~~~~~~~~~~~~~~~~~~~~~~~~~~~~~~~~~~~~~~~~~~~~~~~~~~~~~~~~~~~~~~~~~~~~~~~~~~~~~~~~~~~~~~~~~~~~~~~~~~~~~~~~~~~~~~~~~~~~~~~~~~~~~~~~~~~~~~~~~~~~~~~~~~~~~~~~~~~~~~~~~~~~~~~~~~~~~~~~~~~~~~~~~~~~~~~~~~~~~~~~~~~~~~~~~~~~~~~~~~~~~~~~~~~~~~~~~~~~~~~~~~~~~~~~~~~~~~~~~~~~~~~~~~~~~~~~~~~~~~~~~~~~~~~~~~~~~~~~~~~~~~~~~~~~~~~~~~~~~~~~~~~~~~~~~~~~~~~~~~~~~~~~~~~~~~~~~~~~~~~~~~~~~~~~~~~~~~~~~~~~~~~~~~~~~~~~~~~~~~~~~~~~~~~~~~~~~~~~~~~~~~~~~~~~~~~~~~~~~~~~~~~~~~~~~~~~~~~~~~~~~~~~~~~~~~~~~~~~~~~~~~~~~~~~~~~~~~~~~~~~~~~~~~~~~~~~~~~~~~~~~~~~~~~~~~~~~~~~~~~~~~~~~~~~~~~~~~~~~~~~~~~~~~~~~~~~~~~~~~~~~~~~~~~~~~~~~~~~~~~~~~~~~~~~~~~~~~~~~~~~~~~~~~~~~~~~~~~~~~~~~~~~~~~~~~~~~~~~~~~~~~~~~~~~~~~~~~~~~~~~~~~~~~~~~~~~~~~~~~~~~~~~~
chr20	60964064	A	29	<.$gG..,gg.GG..,.G.Gg.G.G.G,,^~,	EC@iCCAIJIJGIJHDICGIJFJIJA=HA	~~~~~~~~~~~~~~~~~~~~~~~~~~~~~
chr20	60965718	T	14	<...c,,c,...c.	E:4CHJJJ?IHHDE	~~~~~~~~~~~~~~
chr20	60968596	A	28	<g$g...,g,,G,G,,G.G,.GggG,.G,	ECFAD8HH?FBFBJDHJJIJJJEA;FDC	~~~~~~~~~~~~~~~~~~~~~~~~~~~~
chr20	60982024	C	9	tt,tt,,,^~,	CHFJJJIE?	~~~~~~~~~
chr20	61340467	C	1	>	H	"
chr20	61391977	G	1	>	H	"
chr20	61392681	G	1	>	H	"
chr20	61393382	C	1	>	H	"
chr20	61393458	C	1	>	H	"
chr20	61393859	G	1	>	H	"
chr20	61393873	C	1	>	H	"
chr20	61394116	G	1	>	H	"
chr20	61431503	T	71	>C$.$C..c,,Cc,.c,.c,.c.cc,CCC..CcC..C,.c,cccc,Cc,c,.c,,Cc.,,c,.,C,,,,..C.	HFFCFfDHHHHHHDGbIDHAJHGHFJGGJGDHDIICGFEDBDDEJDDDEIBCEIBEDCDDJEJAD>@FFAB	"~~~~~~~~~~~~~~~~~~~~~~~~~~~~~~~~~~~~~~~~~~~~~~~~~~~~~~~~~~~~~~~~~~~~~~
chr20	61431557	A	57	>,,c,,.,C,,,,..C..,,.,,,c,,c,c,,,c,c,C,....Cc,C.Ccc....C.	HC:B=DDFD=<C@DDBFDF@B@FCI?EHEJFFE@DI0J@J1HJJJFHHHIDFACD@C	"~~~~~~~~~~~~~~~~~~~~~~~~~~~~~~~~~~~~~~~~~~~~~~~~~~~~~~~~
chr20	61437448	T	88	>>>>>><>>>>>><<<<>>><>>><><>><<>><<<>>>><<<<><<<<<>><>>>>>>>>>>><<<<<><>><>><<><><<a$aAAa	H@:C>>F4DADCCHHJ?>>CG>>CJDJ>@GEA8DGF@3>C9?DB>GAF<ACDGD8DDCFICDGH;@AA;G>?HHEFE:FFF;HCJEHC	"~~~~~~~~~~~~~~~~~~~~~~~~~~~~~~~~~~~~~~~~~~~~~~~~~~~~~~~~~~~~~~~~~~~~~~~~~~~~~~~~~~~~~~~
chr20	61437806	c	85	>>>>>><>>>>>><<<<>>><>>><><>><<>><<<>>>><<<<><<<<<>><>>>>>>>>>>><<<<<><>><>><<><><<TT	H@:C>>F4DADCCHHJ?>>CG>>CJDJ>@GEA8DGF@3>C9?DB>GAF<ACDGD8DDCFICDGH;@AA;G>?HHEFE:FFF;Hoq	"~~~~~~~~~~~~~~~~~~~~~~~~~~~~~~~~~~~~~~~~~~~~~~~~~~~~~~~~~~~~~~~~~~~~~~~~~~~~~~~~~~~~
chr20	61438080	G	86	>>>>>><>>>>>><<<<>>><>>><><>><<>><<<>>>><<<<><<<<<>><>>>>>>>>>>><<<<<><>><>><<><><<AaA	H@:C>>F4DADCCHHJ?>>CG>>CJDJ>@GEA8DGF@3>C9?DB>GAF<ACDGD8DDCFICDGH;@AA;G>?HHEFE:FFF;HG?F	"~~~~~~~~~~~~~~~~~~~~~~~~~~~~~~~~~~~~~~~~~~~~~~~~~~~~~~~~~~~~~~~~~~~~~~~~~~~~~~~~~~~~~
chr20	61438159	C	88	>>>>>><>>>>>><<<<>>><>>><><>><<>><<<>>>><<<<><<<<<>><>>>>>>>>>>><<<<<><>><>><<><><<GGgG.	H@:C>>F4DADCCHHJ?>>CG>>CJDJ>@GEA8DGF@3>C9?DB>GAF<ACDGD8DDCFICDGH;@AA;G>?HHEFE:FFF;HJ3IJF	"~~~~~~~~~~~~~~~~~~~~~~~~~~~~~~~~~~~~~~~~~~~~~~~~~~~~~~~~~~~~~~~~~~~~~~~~~~~~~~~~~~~~~~~
chr20	61438636	C	86	>>>>>><>>>>>><<<<>>><>>><><>><<>><<<>>>><<<<><<<<<>><>>>>>>>>>>><<<<<><>><>><<><><<.G.	H@:C>>F4DADCCHHJ?>>CG>>CJDJ>@GEA8DGF@3>C9?DB>GAF<ACDGD8DDCFICDGH;@AA;G>?HHEFE:FFF;HGGJ	"~~~~~~~~~~~~~~~~~~~~~~~~~~~~~~~~~~~~~~~~~~~~~~~~~~~~~~~~~~~~~~~~~~~~~~~~~~~~~~~~~~~~~
chr20	61444785	G	39	>>>>>>>><<<<><<><<>.A>><A>>>>,>><<>Aa,,	DHDJJJJBJJIGAGGH;8DBBFB:BBHFFJFF9>F@HGB	$$$$$$""!$$~$"$~~$~~~~~~~~~""~""~~"~~~~
chr20	61468571	T	2	,C	@D	~~
chr20	61519042	T	29	>>>><<<><<<<<>><C..CC,,,.,CCc	CDCDGBJJJJIAJEJDDBBDIJJGBFGJE	~~~~~~~~~~~~~~~~~~~~~~~~~~~~~
chr20	61519232	C	31	>>>><<<><<<<<>><TtT.....ttt,.tt	CDCDGBJJJJIAJEJDAFD@GHHaHGFA@DD	~~~~~~~~~~~~~~~~~~~~~~~~~~~~~~~
chr20	61519618	T	22	>>>><<<><<<<<>><CC,C,.	CDCDGBJJJJIAJEJD@EEICH	~~~~~~~~~~~~~~~~~~~~~~
chr20	61519866	C	26	>>>><<<><<<<<>><T,.t,.T.,T	CDCDGBJJJJIAJEJDCFDJJG@GEH	~~~~~~~~~~~~~~~~~~~~~~~~~~
chr20	61519988	A	30	>>>><<<><<<<<>><g.,,G..g,,,Gg.	CDCDGBJJJJIAJEJD@DDIFDHEFF@FE@	~~~~~~~~~~~~~~~~~~~~~~~~~~~~~~
chr20	61520544	C	28	>>>><<<><<<<<>><,,T,,..t.,T.	CDCDGBJJJJIAJEJD?FHJHGIEJ@=@	~~~~~~~~~~~~~~~~~~~~~~~~~~~~
chr20	61520794	C	25	>>>><<<><<<<<>><t$tttt,..,	CDCDGBJJJJIAJEJD?HJIJJJGF	~~~~~~~~~~~~~~~~~~~~~~~~~
chr20	61521183	C	21	>>>><<<><<<<<>><T,.,.	CDCDGBJJJJIAJEJDFAJID	~~~~~~~~~~~~~~~~~~~~~
chr20	61521515	C	23	>>>><<<><<<<<>><,,t,,,.	CDCDGBJJJJIAJEJDIJIJEDF	~~~~~~~~~~~~~~~~~~~~~~~
chr20	61522019	T	24	>>>><<<><<<<<>><,,cC...,	CDCDGBJJJJIAJEJDHJJIGJJH	~~~~~~~~~~~~~~~~~~~~~~~~
chr20	61528074	T	14	,c,,.....C,c,^~c	CFIJJIGHIIB>B@	~~~~~~~~~~~~~~
chr20	61528306	A	17	,.,..g,gG,,,GggGG	DDH>CJGIDGFIIIGJF	~~~~~~~~~~~~~~~~~
chr20	61569523	G	53	>C.CCC...C..CCCCCCCCCCC.C.C.C.....C.CCC.CCC.CCCCC..^~C^~C	JBDD@DD5DB7B89D@JIHJIIHGGGG7BGJ@JHJHHFFDAFDFFF?@C@C@C	~~~~~~~~~~~~~~~~~~~~~~~~~~~~~~~~~~~~~~~~~~~~~~~~~~~~~
chr20	61594493	G	72	<>>><<<<<><<<>><<><<<><<>>><<>A$AAA.A..a.A.aAAA..A,aa,.AAA.aA,,.AAA,A,..^~a	ECABFGCFA<FFCGHAEFICFFDEIJICCFCCCDDF=Q<GJHA;IEEAJI8=GEEJIC5JDDHHFBDF9C@C	~~~~~~~~~~~~~~~~~~~~~~~~~~~~~~~~~~~~~~~~~~~~~~~~~~~~~~~~~~~~~~~~~~~~~~~~
chr20	61594571	C	71	<>>><<<<<><<<>><<><<<><<>>><<>tT..T,,,,T.,..TtT,,t,,,,t...tt,.,t,t,,,t.	ECABFGCFA<FFCGHAEFICFFDEIJICCFFDdDCIJIJ]HFGGFBJDD@DBBBBIHG@BDCD?B0BDBD@	~~~~~~~~~~~~~~~~~~~~~~~~~~~~~~~~~~~~~~~~~~~~~~~~~~~~~~~~~~~~~~~~~~~~~~~
chr20	61594612	G	82	<>>><<<<<><<<>><<><<<><<>>><<>,,a,,,,a...aa,.,aa,,a,,,a.AA.AAA.A..,,a,,a,.A.,a.^~a^~,^~,	ECABFGCFA<FFCGHAEFICFFDEIJICCFBCBCFDFHBD9G:H@JBJJGHIJGI;FJG3JJIGIIDIIEDEDHFDBD@CD@	~~~~~~~~~~~~~~~~~~~~~~~~~~~~~~~~~~~~~~~~~~~~~~~~~~~~~~~~~~~~~~~~~~~~~~~~~~~~~~~~~~
chr20	61665817	C	1	>	C	~
chr20	61665871	A	1	>	C	~
chr20	61665921	C	1	>	C	~
chr20	61665975	G	1	>	C	~
chr20	61665979	A	1	>	C	~
chr20	61666017	G	1	>	C	~
chr20	61666937	G	1	>	C	~
chr20	61667526	C	1	>	C	~
chr20	61667631	T	1	>	C	~
chr20	61667894	T	1	>	C	~
chr20	61667904	A	1	>	C	~
chr20	61667949	t	1	>	C	~
chr20	61668268	a	1	>	C	~
chr20	61668284	t	1	>	C	~
chr20	61668363	g	1	>	C	~
chr20	61735112	A	1	,	J	~
chr20	61735419	G	1	a	F	~
chr20	61834695	G	32	A,aAAaA...A,a,.a..a,,a,,,aaA.,a.	DFHDCHFEFFGIGJEIJDAHH8DDDDADFD?<	~~~~~~~~~~~~~~~~~~~~~~~~~~~~~~~~
chr20	61867626	C	2	TT	?:	~~
chr20	61869826	C	3	,Tt	IID	~~~
chr20	62126185	A	13	>g$GgggGgggG.G	H@9FI1D?DIIH?	~~~~~~~~~~~~~
chr20	62160486	C	2	>>	H:	~~
chr20	62172219	G	2	>>	H:	~~
chr20	62172269	C	2	>>	H:	~~
chr20	62172281	C	2	>>	H:	~~
chr20	62173562	G	3	>>.	H:G	~~~
chr20	62173817	C	2	>>	H:	~~
chr20	62173925	T	2	>>	H:	~~
chr20	62173927	G	2	>>	H:	~~
chr20	62174724	G	2	>>	H:	~~
chr20	62187187	T	2	>>	H:	~~
chr20	62187439	T	2	>>	H:	~~
chr20	62190345	G	33	>>.$.$.$.$A>>AA,a,a,,.AAaaaaaa,aa,AaA	H:FFBEADFGJEHJFGHIIIF@GF@CE7CFF@F	~~~~~~~$$~~~~~~~~~~~~~~~~~~~~~~~~
chr20	62191558	G	35	>>>>AaAAAaAA.A...,,..,A.AA,,,AAa,A,	H:DFD@BB?JDDDCEJGIJ>DIJEJJHEBJDD=GD	~~$$~~~~~~~~~~~~~~~~~~~~~~~~~~~~~~~
chr20	62194030	G	31	>>c,,Cc,.Ccc.Cc,...CcccCcCcCCcC	H:CGFAHDDDHDH=J@=CIIGGFJ>HDH4@F	~~~~~~~~~~~~~~~~~~~~~~~~~~~~~~~
chr20	62194103	A	28	>>g,,g,G.GG.g.GGggggg..GGG,G	H:@FFDIDB>DAIFG;DDD5;GJIEH5C	~~~~~~~~~~~~~~~~~~~~~~~~~~~~
chr20	62194128	G	26	>>A.a.Aaaaaa..AAA,A.a,..,.	H:9BBBCJGJ>G=8C3DIGE=@FCEC	~~~~~~~~~~~~~~~~~~~~~~~~~~
chr20	62194220	G	33	>>..a.AA.A....A..A.a.,.AAaA,a,,AA	H:DDCB?DRDDB5BBBDB@@BGD@F;@?9<0DH	~~~~~~~~~~~~~~~~~~~~~~~~~~~~~~~~~
chr20	62196884	A	17	>>GGgG,GG..g.GgG,	H:D?HCDEDEBHJID>C	~~~~~~~~~~~~~~~~~
chr20	62198236	G	19	>>,.,,aaaA,.AAA.A,,	H:C=F?HFFGADHFGFF;0	~~~~~~~~~~~~~~~~~~~
chr20	62198348	C	18	>>.t.T,tTtttTTTT,T	H:DJBFHEHD<BEHIG@F	~~~~~~~~~~~~~~~~~~
chr20	62198662	A	15	>>.....,gg.,Gg^~G	H:i8<@DJGHBDDCC	~~~~~~~~~~~~~~~
chr20	62199100	G	24	>>>><>>>>>>>>><>>>>>>>>.	H:;DGB;D?DDGH5IF@HHHDFFJ	~~~~~~~~~~~~~~~~~~~~~~~~
chr20	62219837	A	37	>>g,GG.,.gg,g,.G.g,,g.G,G,.g..G,,G.g^~G	H:FDIGJHHHHGAH=GJJEJIGHJJJIIFJIFHIHFC	~~~~~~~~~~~~~~~~~~~~~~~~~~~~~~~~~~~~~
chr20	62221249	A	21	>>g$ggG.ggg,,,gGg,gGg^~G	H:BFDB8JJGJHJI:JFEGCB	~~~~~~~~~~~~~~~~~~~~~
chr20	62221610	T	10	>>.,,,c,,C	H::H@JJDBF	~~~~~~~~~~
chr20	62227081	A	24	>>,g,,g,gg,g..,.,g,.,,^~g^~g	H:DFHJJEJJIIIH>J:FEFDCDD	~~~~~~~~~~~~~~~~~~~~~~~~
chr20	62289614	G	2	>>	H:	~~
chr20	62293272	A	16	>>G,,gggg,...g,g	H:DFJGJJCFAHJD=D	~~~~~~~~~~~~~~~~
chr20	62297400	T	15	>>,cc,..C.C..C,	H:FIGCIIHJHJJHC	~~~~~~~~~~~~~~~
chr20	62322290	G	14	>>,a...A,..,aC	H:CCBB8;HD@FB@	~~~~~~~~~~~~~~
chr20	62328375	A	6	>>.,g,	H:CIDA	~~~~~~
chr20	62330417	T	2	>>	H:	~~
chr20	62369997	C	97	T$,tTTTT,T,tt.T.T.Tt,,t,..,,,,TT,....,.tT...,.t..T.Tt.T.,TT.tTT,....,,TTt....T.t..TTt,,.,t,,..TT.T	DFFDDCDHDFH>@CDEDFJJHGIHCDDIBHJIHIJI3JCJJDIGJHI@DGIFHGD:JJ1EJJDGJIG<AJJDFHBHFHCFF?FCD@ADDC@@?@@C@	~~~~~~~~~~~~~~~~~~~~~~~~~~~~~~~~~~~~~~~~~~~~~~~~~~~~~~~~~~~~~~~~~~~~~~~~~~~~~~~~~~~~~~~~~~~~~~~~~
chr20	62370349	T	30	,c.,,.,CCc,,.,Cc,,c,.,c,,,ccc^~,	FF<IIDID/0J8IJGDEFBCACBDCC7@BC	~~~~~~~~~~~~~~~~~~~~~~~~~~~~~~
chr20	62372813	G	84	...Aa.Aa,AaA.aaA.Aaa,...A,A.,A.,AA.A$.aa...AaA.A..A.A.AA.AAAA,aA,a..a,aAa,,,,a,,..a,^~,	D9B<F>?FF@F@BDHBB=I@FD<BHG=II;GJ5GB@IE?FGBJ8IJJBJJ0IJGHIIGGGHHIJCHECDDHDDD@BDDD@@CD?	~~~~~~~~~~~~~~~~~~~~~~~~~~~~~~~~~~~~~~~~~~~~~~~~~~~~~~~~~~~~~~~~~~~~~~~~~~~~~~~~~~~~
chr20	62376227	T	6	c..c,.	:DAIHF	~~~~~~
chr20	62376939	A	4	<CcC	B?CC	~~~~
chr20	62378349	C	4	t,tT	HCDC	~~~~
chr20	62378364	C	4	t,tT	GIIE	~~~~
chr20	62492595	a	2	<C	FJ	~~
chr20	62492922	T	9	<AAaAaA..	FD;JmIIGF	~~~~~~~~~
chr20	62493978	G	9	<,.$,a,A.,	FJ7DDDFJC	~~~~~~~~~
chr20	62494027	G	8	<C.,,cC.	FDDHFDDF	~~~~~~~~
chr20	62518441	C	91	<>><<<<>>>>>>>>>>>>>>>>><>>><><<><<<<<<<<><<<<<<<<><<<<<><>><><>>>>>>>>><><>>><<<<<>><<<t,t	FBHFH=?JGBJIJJJDCIJIFJIGIGI;HJII?IC0HJIIJJGHHIIIIIDHJGHDDGIJ<HHIDI@JGJIHCIFFJJBBEFEH?HEDCD;	~~~~~~~~~~~~~~~~~~~~~~~~~~~~~~~~~~~~~~~~~~~~~~~~~~~~~~~~~~~~~~~~~~~~~~~~~~~~~~~~~~~~~~~$~~~
chr20	62518689	C	90	<>><<<<>>>>>>>>>>>>>>>>><>>><><<><<<<<<<<><<<<<<<<><<<<<><>><><>>>>>>>>><><>>><<<<<>><<<.G	FBHFH=?JGBJIJJJDCIJIFJIGIGI;HJII?IC0HJIIJJGHHIIIIIDHJGHDDGIJ<HHIDI@JGJIHCIFFJJBBEFEH?HEDE@	~~~~~~~~~~~~~~~~~~~~~~~~~~~~~~~~~~~~~~~~~~~~~~~~~~~~~~~~~~~~~~~~~~~~~~~~~~~~~~~~~~~~~~~$~~
chr20	62518690	C	90	<>><<<<>>>>>>>>>>>>>>>>><>>><><<><<<<<<<<><<<<<<<<><<<<<><>><><>>>>>>>>><><>>><<<<<>><<<T.	FBHFH=?JGBJIJJJDCIJIFJIGIGI;HJII?IC0HJIIJJGHHIIIIIDHJGHDDGIJ<HHIDI@JGJIHCIFFJJBBEFEH?HEDHA	~~~~~~~~~~~~~~~~~~~~~~~~~~~~~~~~~~~~~~~~~~~~~~~~~~~~~~~~~~~~~~~~~~~~~~~~~~~~~~~~~~~~~~~$~~
chr20	62518729	A	89	<>><<<<>>>>>>>>>>>>>>>>><>>><><<><<<<<<<<><<<<<<<<><<<<<><>><><>>>>>>>>><><>>><<<<<>><<<,	FBHFH=?JGBJIJJJDCIJIFJIGIGI;HJII?IC0HJIIJJGHHIIIIIDHJGHDDGIJ<HHIDI@JGJIHCIFFJJBBEFEH?HEDE	~~~~~~~~~~~~~~~~~~~~~~~~~~~~~~~~~~~~~~~~~~~~~~~~~~~~~~~~~~~~~~~~~~~~~~~~~~~~~~~~~~~~~~~$~
chr20	62518766	C	91	<>><<<<>>>>>>>>>>>>>>>>><>>><><<><<<<<<<<><<<<<<<<><<<<<><>><><>>>>>>>>><><>>><<<<<>><<<,tT	FBHFH=?JGBJIJJJDCIJIFJIGIGI;HJII?IC0HJIIJJGHHIIIIIDHJGHDDGIJ<HHIDI@JGJIHCIFFJJBBEFEH?HEDE<C	~~~~~~~~~~~~~~~~~~~~~~~~~~~~~~~~~~~~~~~~~~~~~~~~~~~~~~~~~~~~~~~~~~~~~~~~~~~~~~~~~~~~~~~$~~~
chr20	62521657	A	115	<>g.G.g..,..G,G,G.gg.,,....G,Gg.G,gg,G.gGGG.,gg,.gggGGGGG,,g,gg,GGG....G,..GG....G.GGGG.,.,G.G..,G,G.g..,,,g.G.G^~G^~G^~G	FBFGH=FH;HIJJHIHIJH:HIEGJFIHJ@JIGIIGJEI>IJGIFIJIE@JEAIJHFAEIG<JGI3JEJFJIJHJ@JGJIJJJEJIAHAHJFDFFEJDJFFEBF>FHDC@@?CBB	~~~~~~~~~~~~~~~~~~~~~~~~~~~~~~~~~~~~~~~~~~~~~~~~~~~~~~~~~~~~~~~~~~~~~~~~~~~~~~~~~~~~~~~~~~~~~~~~~~~~~~~~~~~~~~~~~~~
chr20	62522315	A	112	<>G$gg,,,g,ggg,.g.GgGG,GGGgg.g,,gG,gggG.,.g,G,gg,.,.Ggg.tg....GG,g,,.gGgg,,ggG.,gggg,ggG...GGG..G..GG,G..,g...G.^~G	FBBCF=DFHFF>JDCJEDHCBEBFDGEHJIHJB:HJHDGFHI::FJIJE2@DJIDDBI1JIB?AFFCH>GIGEGIIJ<GGJFH7E>IJHIGAGHHHHHFDCFFF>CFFDFB@	~~~~~~~~~~~~~~~~~~~~~~~~~~~~~~~~~~~~~~~~~~~~~~~~~~~~~~~~~~~~~~~~~~~~~~~~~~~~~~~~~~~~~~~~~~~~~~~~~~~~~~~~~~~~~~~~
chr20	62591460	G	29	,,.A.A.,AAaaa,a,.,..A.A..AA..	C@G>GGJHGFGFEIHJIJHGIBIJGEJHF	~~~~~~~~~~~~~~~~~~~~~~~~~~~~~
chr20	62595169	A	19	,.g..g.g.gggG,.GGg^~G	FGIGIICC<G;F@BHHFB?	~~~~~~~~~~~~~~~~~~~
chr20	62597694	T	26	,g,,,,..,.gg,Ggg,,.G,,g,,g	FDIDIIGIFG0GFGICDEAFBA?DB?	~~~~~~~~~~~~~~~~~~~~~~~~~~
chr20	62697000	C	22	<<<>>>>><<>>><>>>>><>.	H?GHJDB?JGDIJHJJIEJHDH	$~~~~~~~~~~~~~~~~~~~~~
chr20	62705140	A	116	<.,,,..cc,cc.,,.cCccc..c,C,....C.CCc.Cc,CC..CCcc..cc.C,c..ccC,C.C..CCcc,.c..,C.,ccc,c.C,,Cc,c,,ccc,.,,,,C..,.Cc..,cc	HB@CF9DFFFFFDHH5JgHJI<DFIDAD@BDD0BBJBDFHF?BEkAGIE<JIFBFGF<E<GGAJGEGFHHHE?HJJCHJHHDDC@@AC=ID<AD=ADD8HFD=DFFD0FFAAFADD	$~~~~~~~~~~~~~~~~~~~~~~~~~~~~~~~~~~~~~~~~~~~~~~~~~~~~~~~~~~~~~~~~~~~~~~~~~~~~~~~~~~~~~~~~~~~~~~~~~~~~~~~~~~~~~~~~~~~
chr20	62710773	C	53	<<<<<<<<,$t..tttT..,tT.t.ttt,ttttTtt,t,,,,,,t,,,,tt.,t	HHFHG;46CB7DHHFDDHEI<GGBEFEEDEEEDCC@CBD8B6<CB;BB9@=7C	$~~~~~~~~~~~~~~~~~~~~~~~~~~~~~~~~~~~~~~~~~~~~~~~~~~~~
chr20	62714783	C	3	<<>	HHE	$~~
chr20	62731455	C	2	<<	HH	$~
chr20	62737537	C	1	<	H	$
chr20	62737568	T	1	<	H	$
chr20	62738311	G	2	<<	HH	$~
